"created_at","updated_at","booking_id","customer_id","category_id","artisan_id","start_time","end_time","location","payment_id","artisan_rating","customer_rating","contract_type","settlement_type","status","details_confirmed","payment_method","description","clock_in_flag","current_work_session_id"
2025-07-09 22:13:54.655,,"0017c1ebe5b34cc0ac05142dcc19bffe",gXPxdHYCcHbcl7MdsIoFK29AIEf2,1065941583869181953,f5e29d05737548b6b739618cb3c4d37f,2025-07-09,2025-07-09,POINT (51.51942570146671 0.1092426521638781),,4,,false,,,false,CARD,,false,
2026-01-02 11:38:20.485,,"005332c6ec054158a8d4c6b2de3a34be",gXPxdHYCcHbcl7MdsIoFK29AIEf2,1065941583869181953,,,,POINT (51.51942 0.11547),,,,false,,PENDING,false,CARD,"Fix broken dinning chair and table, also broken door hinge. I have tools like hammer and nail you can make use of",false,
2025-09-09 18:06:12.710,,"005cdfa269f04fe49a48c2e3fcd135bd",gXPxdHYCcHbcl7MdsIoFK29AIEf2,1065941582961278977,,,,POINT (51.51942 0.11547),,,3,false,,,false,CARD,,false,
2025-08-20 10:46:59.719,2025-08-20 10:47:32.005,"0064d585d923409ead9de73e756e2bc9",gXPxdHYCcHbcl7MdsIoFK29AIEf2,1065941583869181953,f5e29d05737548b6b739618cb3c4d37f,,,POINT (51.519417588643904 0.1092498316127541),,,,false,,,false,CARD,,false,
2025-08-20 10:50:30.286,2025-08-20 10:50:43.765,"0076f5f54bef4548853d8eaf4b5fd6eb",gXPxdHYCcHbcl7MdsIoFK29AIEf2,1065941583869181953,f5e29d05737548b6b739618cb3c4d37f,,,POINT (51.519417588643904 0.1092498316127541),,,,false,,,false,CARD,,false,
2025-07-09 22:12:24.541,,"012b5e3f94984c2f844c768fd9cc4c9f",gXPxdHYCcHbcl7MdsIoFK29AIEf2,1065941583869181953,,,,POINT (51.51942570146671 0.1092426521638781),,,,false,,,false,CARD,,false,
2026-01-08 22:21:17.886,2026-01-08 22:21:35.154,"013852cb3f344d95ada648a9980b1c79",gXPxdHYCcHbcl7MdsIoFK29AIEf2,1065941583869181953,f5e29d05737548b6b739618cb3c4d37f,,,POINT (51.51942 0.11547),,,,false,,ARTISAN_MATCHED,false,CARD,,false,
2025-07-25 01:12:46.230,,"014733a72aee48edbe01c3cb5703e7de",gXPxdHYCcHbcl7MdsIoFK29AIEf2,1065941582961278977,f5e29d05737548b6b739618cb3c4d37f,2025-07-09,2025-07-09,POINT (51.519423097463545 0.1092428720876799),,4,3,true,NEGOTIATION,COMPLETED,true,CARD,,false,
2026-02-03 22:04:26.264,,"017a7ecc935543e1a141a304bd3e4523",gXPxdHYCcHbcl7MdsIoFK29AIEf2,1065941583869181953,,,,POINT (37.421998333333335 -122.084),,,,false,,PENDING,false,CARD,,false,
2025-08-18 15:10:07.455,,"0211105c3ff44b719da33b1be202ad11",gXPxdHYCcHbcl7MdsIoFK29AIEf2,1065941583869181953,f5e29d05737548b6b739618cb3c4d37f,,,POINT (51.51942 0.11547),,,,true,NEGOTIATION,COMPLETED,true,CARD,,false,
2025-07-24 18:36:52.516,,"02d90cb81d574dabbc53dda6a4122e72",gXPxdHYCcHbcl7MdsIoFK29AIEf2,1065941582961278977,f5e29d05737548b6b739618cb3c4d37f,,,POINT (51.519401340559085 0.1092348478930237),,,,true,NEGOTIATION,COMPLETED,true,CARD,,false,
2025-12-30 02:14:57.007,2025-12-30 02:15:08.125,"02fd2b8d2c24487b96c5ae4bc6c2d3a0",fMeBU1HTAyczOG8IbAJ8eYLnbTi2,1065941583869181953,f5e29d05737548b6b739618cb3c4d37f,,,POINT (6.516499826425177 3.3872673442080536),,,,false,,ARTISAN_MATCHED,false,CASH,,false,
2025-07-11 18:41:19.392,,"033f940d7b7f405699005a0eaa6303af",gXPxdHYCcHbcl7MdsIoFK29AIEf2,1065941583869181953,f5e29d05737548b6b739618cb3c4d37f,,,POINT (51.51942592621681 0.1092427097060243),,,,true,NEGOTIATION,ARTISAN_CANCELLED,true,CARD,,false,
2025-07-23 00:07:39.556,,"03f7acbf3e2545eeaac68bb35292b51e",gXPxdHYCcHbcl7MdsIoFK29AIEf2,1065941583869181953,f5e29d05737548b6b739618cb3c4d37f,,,POINT (51.51942378774427 0.109242609300375),,,,true,NEGOTIATION,COMPLETED,true,CARD,,false,
2025-05-26 19:32:00.806,,"0415d97668f043b69b0dc3b1db273f4b","5youRvOyZYdyYMlM8IAnEgg2Zf92",1065941582961278977,,,,POINT (51.51941840422709 0.1092369986904621),,,,true,NEGOTIATION,CUSTOMER_CANCELLED,true,CARD,,false,
2025-09-13 15:37:42.927,,"042f4faed80b4c0c8bafcca7a46eadd1",gXPxdHYCcHbcl7MdsIoFK29AIEf2,1065941583869181953,,,,POINT (51.51942 0.11547),,,,false,,,false,CARD,,false,
2025-08-20 08:48:41.464,,"0475fa1032d444b5b2f055188438a347",gXPxdHYCcHbcl7MdsIoFK29AIEf2,1065941583869181953,,,,POINT (51.519417588643904 0.1092498316127541),,,,false,,,false,CARD,,false,
2025-09-10 10:34:06.736,,"052c2ff026c749098b6c89d6f3835d3c",gXPxdHYCcHbcl7MdsIoFK29AIEf2,1065941583869181953,,,,POINT (51.51941313883042 0.1092595658797715),,,,false,,,false,CARD,,false,
2025-07-14 23:26:11.944,,"05346db5c7dc4d0cad747e203e0d89dc",gXPxdHYCcHbcl7MdsIoFK29AIEf2,1065941582961278977,,,,POINT (51.51942599382975 0.1092420254871573),,,,false,,,false,CARD,,false,
2025-09-13 15:51:57.583,,"0538c4c3489d452997203419e9875388",gXPxdHYCcHbcl7MdsIoFK29AIEf2,1065941583869181953,,,,POINT (51.51942 0.11547),,,,false,,,false,CARD,,false,
2025-07-23 01:45:53.040,,"05404a5c49734b0c903cab386c948cca",gXPxdHYCcHbcl7MdsIoFK29AIEf2,1065941582961278977,,,,POINT (51.51942378774427 0.109242609300375),,,,false,,,false,CARD,,false,
2025-09-06 18:33:48.645,,"054b1c3df7ed436589b3f50139f6ae20",KIYKgL71o4ge1horPR08S7hCJN42,1065941582961278977,,,,POINT (6.516499826425177 3.3872673442080536),,,,false,,,false,CASH,,false,
2025-07-10 17:06:07.127,,"056b211384f846d4bb981fd3416a10b9",gXPxdHYCcHbcl7MdsIoFK29AIEf2,1065941583869181953,,,,POINT (51.51942570146671 0.1092426521638781),,,,false,,,false,CARD,,false,
2025-07-22 20:24:44.317,,"058cba2e45ed4bd38d4db25be58fa4c7",gXPxdHYCcHbcl7MdsIoFK29AIEf2,1065941583869181953,,,,POINT (51.51942385027374 0.1092429040623096),,,,false,,,false,CARD,,false,
2025-08-13 20:49:30.135,,"0596ed67ec624802b1bd650d2b857360",gXPxdHYCcHbcl7MdsIoFK29AIEf2,1065941583869181953,,,,POINT (51.51941920106144 0.1092485525049524),,,,false,,,false,CARD,,false,
2025-07-23 12:22:36.530,,"061bdba68c044b09bdcf7e3ceb8628c7",gXPxdHYCcHbcl7MdsIoFK29AIEf2,1065941582961278977,,,,POINT (51.51942378774427 0.109242609300375),,,,false,,,false,CARD,,false,
2025-11-21 22:17:40.712,,"06311d55379f42e083c48b6d0fc69ef1",fMeBU1HTAyczOG8IbAJ8eYLnbTi2,1065941582961278977,,,,POINT (6.516499826425177 3.3872673442080536),,,,false,,PENDING,false,CASH,,false,
2025-09-10 18:24:31.771,,"07191a2cc26d49b1afb2eaa5ae66ed3c",gXPxdHYCcHbcl7MdsIoFK29AIEf2,1065941583869181953,,,,POINT (51.51941313883042 0.1092595658797715),,,,false,,,false,CARD,,false,
2025-07-23 00:38:23.850,,"0753be5fce124dde9ced3128cfedc66a",gXPxdHYCcHbcl7MdsIoFK29AIEf2,1065941583869181953,,,,POINT (51.51942378774427 0.109242609300375),,,,false,,,false,CARD,,false,
2025-08-20 19:52:44.168,,"07c358845b534db9ac9a92726fb5b85c",gXPxdHYCcHbcl7MdsIoFK29AIEf2,1065941583869181953,,,,POINT (37.4220936 -122.083922),,,,false,,,false,CARD,,false,
2025-08-20 23:30:46.317,2025-08-20 23:31:03.993,"089fb2d34a9740f5905f63be6c49c756",gXPxdHYCcHbcl7MdsIoFK29AIEf2,1065941583869181953,f5e29d05737548b6b739618cb3c4d37f,,,POINT (51.519417588643904 0.1092498316127541),,,,false,,,false,CARD,,false,
2026-02-04 18:03:40.829,,"08c1552f6b5a4d9d839c413b7625e2a2",gXPxdHYCcHbcl7MdsIoFK29AIEf2,1065941587622297601,,,,POINT (51.51942 0.11547),,,,false,,PENDING,false,CARD,Fix my Lamborghini Urus. It’s a 2025 ultimate limited edition 4wd.,false,
2025-07-09 21:37:08.379,,"0975b7b3442a482e9f9a4811ebc109ef",gXPxdHYCcHbcl7MdsIoFK29AIEf2,1065941583869181953,,,,POINT (51.519488845354225 0.1093046904708292),,,,false,,,false,CARD,,false,
2025-07-15 00:13:35.473,,"0a101de973244cf8b899485217649867",gXPxdHYCcHbcl7MdsIoFK29AIEf2,1065941583869181953,,,,POINT (51.51942599382975 0.1092420254871573),,,,false,,,false,CARD,,false,
2026-02-03 19:11:42.130,,"0a3c1665d7e24757a805659926709a72",KIYKgL71o4ge1horPR08S7hCJN42,1065941582961278977,,,,POINT (51.51942 0.11547),,,,false,,PENDING,false,CARD,,false,
2025-08-20 23:47:30.411,2025-08-20 23:47:43.510,"0a409611f985422ab0b2495e78928937",gXPxdHYCcHbcl7MdsIoFK29AIEf2,1065941583869181953,f5e29d05737548b6b739618cb3c4d37f,,,POINT (51.519417588643904 0.1092498316127541),,,,false,,,false,CARD,,false,
2026-02-05 22:38:35.077,2026-02-05 22:39:20.360,"0a7e9a6a11314af98921dffc0be21537",gXPxdHYCcHbcl7MdsIoFK29AIEf2,1065941587622297601,f5e29d05737548b6b739618cb3c4d37f,,,POINT (51.51942 0.11547),,,,false,,ARTISAN_MATCHED,false,CARD,Fix my lambo urus,false,
2025-07-23 12:09:10.364,,"0adb76c92ef34d5bb9d5573557d89d91",gXPxdHYCcHbcl7MdsIoFK29AIEf2,1065941582961278977,,,,POINT (51.51942378774427 0.109242609300375),,,,false,,,false,CARD,,false,
2025-09-25 08:07:27.582,2025-09-25 08:07:41.858,"0aed4dad53f7483d9002abb03f399994",gXPxdHYCcHbcl7MdsIoFK29AIEf2,1065941583869181953,f5e29d05737548b6b739618cb3c4d37f,,,POINT (37.4212162 -122.0828568),,,,false,,,false,CARD,,false,
2025-07-23 18:21:15.666,,"0b0abca4688643eba1211a5492016e45",gXPxdHYCcHbcl7MdsIoFK29AIEf2,1065941582961278977,,,,POINT (51.51942378774427 0.109242609300375),,,,false,,,false,CARD,,false,
2025-12-25 14:36:13.448,,"0b13fc6c9be74f26a2fcf2dc9b04bad6",KIYKgL71o4ge1horPR08S7hCJN42,1065941582961278977,,,,POINT (51.51942 0.11547),,,,false,,PENDING,false,CARD,,false,
2025-07-23 12:43:17.300,,"0b1db7f7c8124c09adc33f6d34092f5d",gXPxdHYCcHbcl7MdsIoFK29AIEf2,1065941582961278977,,,,POINT (51.51942378774427 0.109242609300375),,,,false,,,false,CARD,,false,
2025-09-10 10:36:23.944,,"0b7de1448d2b4eecb89cac868f9cd47e",gXPxdHYCcHbcl7MdsIoFK29AIEf2,1065941583869181953,,,,POINT (51.51941313883042 0.1092595658797715),,,,false,,,false,CARD,,false,
2026-02-03 19:15:49.746,,"0b928e2dbca24b8cb715a59ccd1e3bb1",gXPxdHYCcHbcl7MdsIoFK29AIEf2,1065941583869181953,,,,POINT (37.421998333333335 -122.084),,,,false,,PENDING,false,CARD,,false,
2025-07-09 22:10:58.613,,"0b94034831bc46d8970709efc8f45acb",gXPxdHYCcHbcl7MdsIoFK29AIEf2,1065941583869181953,,,,POINT (51.51942570146671 0.1092426521638781),,,,false,,,false,CARD,,false,
2025-07-11 08:59:22.100,,"0c16ab16a4dd4d9f9b75b59dc2c16ca7",gXPxdHYCcHbcl7MdsIoFK29AIEf2,1065941583869181953,,,,POINT (51.51944 0.109),,,,false,,,false,CARD,,false,
2025-07-08 00:16:54.946,,"0c2ae1416d984e40ba0a61f5bba3a681",gXPxdHYCcHbcl7MdsIoFK29AIEf2,1065941583869181953,,,,POINT (51.519425562859475 0.1092419752133327),,,,false,,,false,CARD,,false,
2025-07-08 16:15:52.717,,"0c52ec6b07e74a228e79bd03f35e3b91",gXPxdHYCcHbcl7MdsIoFK29AIEf2,1065941582961278977,,,,POINT (51.51944 0.109),,,,false,,,false,CARD,,false,
2025-07-08 16:11:05.142,,"0d05578a1ae543a3bc1b57cf77021f53",gXPxdHYCcHbcl7MdsIoFK29AIEf2,1065941582961278977,,,,POINT (51.51944 0.109),,,,false,,,false,CARD,,false,
2025-07-09 21:34:27.227,,"0d4095a290da427798b15377dd7b5a86",gXPxdHYCcHbcl7MdsIoFK29AIEf2,1065941582961278977,,,,POINT (51.51942570146671 0.1092426521638781),,,,false,,,false,CARD,,false,
2025-10-14 00:32:19.015,2025-10-14 01:27:55.515,"0d79c95d20b647b5990391a8c21ecd5a",fMeBU1HTAyczOG8IbAJ8eYLnbTi2,1065941582961278977,f5e29d05737548b6b739618cb3c4d37f,,,POINT (6.516499826425177 3.3872673442080536),ca3f0a0ead5f4549a92f545ef9c85ed5,,,false,NEGOTIATION,IN_PROGRESS,true,CASH,,false,
2025-05-26 19:47:26.832,,"0db1c9e2dfa540fd88327a092ce88834","5youRvOyZYdyYMlM8IAnEgg2Zf92",1065941582961278977,,,,POINT (51.51941840422709 0.1092369986904621),,,,false,,,false,CARD,,false,
2025-08-19 00:37:15.292,,"0db9747b497e4196aa641d702d5ebb27",gXPxdHYCcHbcl7MdsIoFK29AIEf2,1065941583869181953,,,,POINT (51.51941824016977 0.109250370863331),,,,false,,,false,CARD,,false,
2025-07-09 22:14:57.542,,"0e5b0ef04736439e8fd30df2ab37c9a6",gXPxdHYCcHbcl7MdsIoFK29AIEf2,1065941583869181953,,,,POINT (51.51942570146671 0.1092426521638781),,,,false,,,false,CARD,,false,
2025-07-23 01:40:26.443,,"0fca6e2c3f1d4f50ad788ef0867f0f51",gXPxdHYCcHbcl7MdsIoFK29AIEf2,1065941582961278977,,,,POINT (51.51942378774427 0.109242609300375),,,,false,,,false,CARD,,false,
2025-07-23 00:20:01.140,,"101745029bd34d84a8f7cd2aa8bc93be",gXPxdHYCcHbcl7MdsIoFK29AIEf2,1065941582961278977,,,,POINT (51.51942378774427 0.109242609300375),,,,false,,,false,CARD,,false,
2025-12-30 15:31:33.717,2025-12-30 15:31:51.672,"1053221b636949ef8e94b0635857e36e",fMeBU1HTAyczOG8IbAJ8eYLnbTi2,1065941583869181953,f5e29d05737548b6b739618cb3c4d37f,,,POINT (6.516499826425177 3.3872673442080536),,,,false,,ARTISAN_MATCHED,false,CASH,,false,
2025-07-14 21:23:14.143,,"10770611abf845258175dbd2c3572a26",gXPxdHYCcHbcl7MdsIoFK29AIEf2,1065941583869181953,,,,POINT (51.51942599382975 0.1092420254871573),,,,false,,,false,CARD,,false,
2025-08-13 22:36:36.846,,"107e9bd6472c4b8998b43ae6e0e20208",gXPxdHYCcHbcl7MdsIoFK29AIEf2,1065941583869181953,,,,POINT (51.51941920106144 0.1092485525049524),,,,false,,,false,CARD,,false,
2025-07-22 23:59:36.157,,"10813cbadf5c4e9ab2f8b1d8c5552d07",gXPxdHYCcHbcl7MdsIoFK29AIEf2,1065941583869181953,,,,POINT (51.51942378774427 0.109242609300375),,,,false,,,false,CARD,,false,
2025-07-22 23:57:11.174,,"109299ca9aff44e7b81d14a4f2b48477",gXPxdHYCcHbcl7MdsIoFK29AIEf2,1065941582961278977,,,,POINT (51.51942378774427 0.109242609300375),,,,false,,,false,CARD,,false,
2025-07-23 02:11:19.776,,"109bb815e6194a099961a7d8f059cb30",gXPxdHYCcHbcl7MdsIoFK29AIEf2,1065941583869181953,,,,POINT (51.51942378774427 0.109242609300375),,,,false,,,false,CARD,,false,
2025-07-15 00:19:13.360,,"1108683d09f347d3ba043f2c0f10b782",gXPxdHYCcHbcl7MdsIoFK29AIEf2,1065941583869181953,,,,POINT (51.51942599382975 0.1092420254871573),,,,false,,,false,CARD,,false,
2025-07-22 23:53:26.838,,"11718539facd43a8ab726b9c4218306d",gXPxdHYCcHbcl7MdsIoFK29AIEf2,1065941582961278977,,,,POINT (51.51942378774427 0.109242609300375),,,,false,,,false,CARD,,false,
2025-09-09 17:55:06.319,,"13610677908f4bf791fcf0aa5c6a6fac",gXPxdHYCcHbcl7MdsIoFK29AIEf2,1065941582961278977,,,,POINT (51.51942 0.11547),,,,false,,,false,CARD,,false,
2025-12-30 15:39:34.636,2025-12-30 15:39:51.394,"13c2bd08c49d4daea61a1cf51509a0c6",KIYKgL71o4ge1horPR08S7hCJN42,1065941583869181953,f5e29d05737548b6b739618cb3c4d37f,,,POINT (6.516499826425177 3.3872673442080536),,,,false,,ARTISAN_MATCHED,false,CASH,,false,
2025-07-23 18:05:58.625,,"1447dcda6c964901aa4c76b23aa5c87c",gXPxdHYCcHbcl7MdsIoFK29AIEf2,1065941582961278977,,,,POINT (51.51942378774427 0.109242609300375),,,,false,,,false,CARD,,false,
2025-07-15 00:23:58.810,,"1464dda7a5b54f86931f9d4f41844bd9",gXPxdHYCcHbcl7MdsIoFK29AIEf2,1065941582961278977,,,,POINT (51.51942599382975 0.1092420254871573),,,,false,,,false,CARD,,false,
2025-07-14 21:07:41.600,,"14bb41130ee74b0291c1989ad9aeaf36",gXPxdHYCcHbcl7MdsIoFK29AIEf2,1065941583869181953,,,,POINT (51.51942599382975 0.1092420254871573),,,,false,,,false,CARD,,false,
2025-07-23 02:18:04.848,,"154dd094f53548f3a5f063855ec292b4",gXPxdHYCcHbcl7MdsIoFK29AIEf2,1065941582961278977,,,,POINT (51.51942378774427 0.109242609300375),,,,false,,,false,CARD,,false,
2025-12-31 15:27:51.808,2025-12-31 15:28:06.917,"15d1c3cc0b004f608dc04ae21ba8b51b",KIYKgL71o4ge1horPR08S7hCJN42,1065941583869181953,f5e29d05737548b6b739618cb3c4d37f,,,POINT (6.516499826425177 3.3872673442080536),,,,false,,ARTISAN_MATCHED,false,CASH,,false,
2025-09-20 14:45:00.670,2025-09-20 14:45:15.581,"163d6d5534eb4e878f90bf5db4b66143",gXPxdHYCcHbcl7MdsIoFK29AIEf2,1065941582961278977,f5e29d05737548b6b739618cb3c4d37f,,,POINT (37.4212162 -122.0828568),,,,false,,,false,CARD,,false,
2026-02-03 21:11:07.607,,"164dcd91457b435ab064b3a5f731293a",fMeBU1HTAyczOG8IbAJ8eYLnbTi2,1065941583869181953,,,,POINT (6.516499826425177 3.3872673442080536),,,,false,,PENDING,false,CASH,,false,
2025-09-16 19:40:42.591,2025-09-16 19:41:49.899,"16670eab913048e6a35425c5d967b24e",gXPxdHYCcHbcl7MdsIoFK29AIEf2,1065941583869181953,f5e29d05737548b6b739618cb3c4d37f,,,POINT (51.51942 0.11547),,,,false,,,false,CARD,"Fix broken dinning table, chairs and centre table. ",false,
2025-12-30 15:35:22.643,2025-12-30 15:35:40.713,"168c2825ee2d4b3595de25a9dc0cb647",fMeBU1HTAyczOG8IbAJ8eYLnbTi2,1065941583869181953,f5e29d05737548b6b739618cb3c4d37f,,,POINT (6.516499826425177 3.3872673442080536),,,,false,,ARTISAN_MATCHED,false,CASH,,false,
2025-12-30 15:41:26.072,2025-12-30 15:42:04.297,"169ee2d76f37402e8dce9de056e5a9c1",KIYKgL71o4ge1horPR08S7hCJN42,1065941583869181953,f5e29d05737548b6b739618cb3c4d37f,,,POINT (6.516499826425177 3.3872673442080536),,,,false,,ARTISAN_MATCHED,false,CASH,,false,
2025-11-21 21:21:56.122,,"16dbeb546f1840198a292311058f166f",KIYKgL71o4ge1horPR08S7hCJN42,1065941582961278977,,,,POINT (51.51942679331631 0.1092620288710309),,,,false,,PENDING,false,CARD,,false,
2025-07-23 12:27:33.352,,"17368630c2044489baca2aef09a8fdc5",gXPxdHYCcHbcl7MdsIoFK29AIEf2,1065941582961278977,,,,POINT (51.51942378774427 0.109242609300375),,,,false,,,false,CARD,,false,
2025-07-14 23:28:37.350,,"1739cd7053c34a109057bfb53e271d32",gXPxdHYCcHbcl7MdsIoFK29AIEf2,1065941583869181953,,,,POINT (51.51942599382975 0.1092420254871573),,,,false,,,false,CARD,,false,
2025-07-14 22:38:53.928,,"17be3674ccc94acabae302dc7539e4da",gXPxdHYCcHbcl7MdsIoFK29AIEf2,1065941583869181953,,,,POINT (51.51942599382975 0.1092420254871573),,,,false,,,false,CARD,,false,
2025-07-23 01:29:53.643,,"17ddf73371e249d9b24ebdbbc8db1fc0",gXPxdHYCcHbcl7MdsIoFK29AIEf2,1065941583869181953,,,,POINT (51.51942378774427 0.109242609300375),,,,false,,,false,CARD,,false,
2025-07-10 23:19:09.013,,"17e15c8fb5eb4ed99eaeeb7555eb2f78",gXPxdHYCcHbcl7MdsIoFK29AIEf2,1065941583869181953,,,,POINT (51.51942592621681 0.1092427097060243),,,,false,,,false,CARD,,false,
2025-09-10 16:49:45.111,,"1816ea69944b4002b3ce81ce94989815",gXPxdHYCcHbcl7MdsIoFK29AIEf2,1065941583869181953,,,,POINT (51.51941313883042 0.1092595658797715),,,,false,,,false,CARD,,false,
2025-07-10 17:48:35.057,,"1868112c05e24d03819309e9b45bc5e0",gXPxdHYCcHbcl7MdsIoFK29AIEf2,1065941583869181953,,,,POINT (51.51942570146671 0.1092426521638781),,,,false,,,false,CARD,,false,
2025-07-23 02:04:39.789,,"18829ee7628c4562856c559dd1705ef7",gXPxdHYCcHbcl7MdsIoFK29AIEf2,1065941582961278977,,,,POINT (51.51942378774427 0.109242609300375),,,,false,,,false,CARD,,false,
2025-08-18 12:30:43.012,,"188ba92971ea4c52a6f8a4a7f9d3a400",gXPxdHYCcHbcl7MdsIoFK29AIEf2,1065941591465197569,,,,POINT (51.51942 0.11547),,,,false,,,false,CARD,,false,
2025-07-08 00:06:39.532,,"189a54c4e3214190954e2ccd86bfe08a",gXPxdHYCcHbcl7MdsIoFK29AIEf2,1065941583869181953,,,,POINT (51.519425562859475 0.1092419752133327),,,,false,,,false,CARD,,false,
2025-07-03 15:56:32.800,,"18e4c291c2554d98b36c81d501d10822",gXPxdHYCcHbcl7MdsIoFK29AIEf2,1065941582961278977,,,,POINT (51.548683 0.1276344),,,,false,,,false,CARD,,false,
2025-07-23 01:34:04.817,,"19127aff29094fa982af47bd3b9027e6",gXPxdHYCcHbcl7MdsIoFK29AIEf2,1065941582961278977,,,,POINT (51.51942378774427 0.109242609300375),,,,false,,,false,CARD,,false,
2025-07-11 18:40:49.723,,"191cc5bc437e4ba286c40128ff37cf87",gXPxdHYCcHbcl7MdsIoFK29AIEf2,1065941582961278977,,,,POINT (51.51942592621681 0.1092427097060243),,,,false,,,false,CARD,,false,
2025-08-27 17:30:49.503,2025-08-27 17:31:06.854,"19a7f9dc92e94f28b3401880e7881f5c",gXPxdHYCcHbcl7MdsIoFK29AIEf2,1065941583869181953,f5e29d05737548b6b739618cb3c4d37f,,,POINT (51.51942 0.11547),,,,false,,,false,CARD,,false,
2025-07-15 00:56:39.061,,"19f6bbb72d5e4e5dba224c29487109cf",gXPxdHYCcHbcl7MdsIoFK29AIEf2,1065941582961278977,,,,POINT (51.51942599382975 0.1092420254871573),,,,false,,,false,CARD,,false,
2025-07-09 17:02:23.224,,"1a26972a9b8b4261b19fed5c36bbadde",gXPxdHYCcHbcl7MdsIoFK29AIEf2,1065941582961278977,,,,POINT (51.51942623389062 0.1092424201034406),,,,false,,,false,CARD,,false,
2025-07-23 13:22:33.789,,"1ae4b5f776d74680990cfb4ae2bad3c5",gXPxdHYCcHbcl7MdsIoFK29AIEf2,1065941582961278977,,,,POINT (51.51942378774427 0.109242609300375),,,,false,,,false,CARD,,false,
2025-07-23 00:56:33.574,,"1aec71b7bce24f308167a96be67bb5d1",gXPxdHYCcHbcl7MdsIoFK29AIEf2,1065941582961278977,,,,POINT (51.51942378774427 0.109242609300375),,,,false,,,false,CARD,,false,
2025-07-23 00:22:27.557,,"1b34dc5727124d15a7699babbcc36634",gXPxdHYCcHbcl7MdsIoFK29AIEf2,1065941582961278977,,,,POINT (51.51942378774427 0.109242609300375),,,,false,,,false,CARD,,false,
2025-07-14 23:53:24.023,,"1ba1682203f84056b5aa3cb175b5c0c3",gXPxdHYCcHbcl7MdsIoFK29AIEf2,1065941583869181953,,,,POINT (51.51942599382975 0.1092420254871573),,,,false,,,false,CARD,,false,
2025-08-13 21:01:46.659,,"1bea2c5999954ccca2d539e442a908e3",gXPxdHYCcHbcl7MdsIoFK29AIEf2,1065941583869181953,,,,POINT (51.51941920106144 0.1092485525049524),,,,false,,,false,CARD,,false,
2025-07-11 00:30:54.756,,"1c99942a4a8d481cbab3d9a9a94d1cd3",gXPxdHYCcHbcl7MdsIoFK29AIEf2,1065941583869181953,,,,POINT (51.51942592621681 0.1092427097060243),,,,false,,,false,CARD,,false,
2025-08-20 10:08:30.785,2025-08-20 10:08:44.939,"1d234cded445477395b0ff1285d7922d",gXPxdHYCcHbcl7MdsIoFK29AIEf2,1065941583869181953,f5e29d05737548b6b739618cb3c4d37f,,,POINT (37.4220936 -122.083922),,,,false,,,false,CARD,,false,
2025-07-23 01:16:40.369,,"1d528c309c434f16878c653d1f37b9e9",gXPxdHYCcHbcl7MdsIoFK29AIEf2,1065941582961278977,,,,POINT (51.51940361565037 0.1092351518598061),,,,false,,,false,CARD,,false,
2025-07-23 23:00:59.313,,"1d69f72f9913418aa4bc22f97f97b9d4",gXPxdHYCcHbcl7MdsIoFK29AIEf2,1065941582961278977,,,,POINT (51.51942334361081 0.1092422452904198),,,,false,,,false,CARD,,false,
2025-08-20 10:15:56.389,2025-08-20 10:16:27.730,"1d8a841c85dc48eb8ff16299de91a45d",gXPxdHYCcHbcl7MdsIoFK29AIEf2,1065941583869181953,f5e29d05737548b6b739618cb3c4d37f,,,POINT (51.519417588643904 0.1092498316127541),,,,false,,,false,CARD,,false,
2025-09-13 15:19:16.712,,"1d8c928aafcb4c1d8bd77c1de3baa39e",gXPxdHYCcHbcl7MdsIoFK29AIEf2,1065941583869181953,,,,POINT (51.51942 0.11547),,,,false,,,false,CARD,,false,
2026-02-04 17:25:35.385,,"1d9f405b1c1d44ffa184cae14a26b4ff",gXPxdHYCcHbcl7MdsIoFK29AIEf2,1065941582961278977,,,,POINT (51.51942 0.11547),,,,false,,PENDING,false,CARD,Testing booking request modal again. Just checking..,false,
2026-01-02 14:43:01.969,,"1da7665d7d9e40f1aa92414328f8e916",KIYKgL71o4ge1horPR08S7hCJN42,1065941583869181953,,,,POINT (6.516499826425177 3.3872673442080536),,,,false,,PENDING,false,CASH,,false,
2025-07-23 11:15:20.748,,"1e1db6db627740fba3f03d7eebfd4422",gXPxdHYCcHbcl7MdsIoFK29AIEf2,1065941583869181953,,,,POINT (51.519371071493985 0.1092832583986872),,,,false,,,false,CARD,,false,
2025-07-09 22:11:39.864,,"1e7c2330be284efeacae32c5876ecc91",gXPxdHYCcHbcl7MdsIoFK29AIEf2,1065941583869181953,,,,POINT (51.51942570146671 0.1092426521638781),,,,false,,,false,CARD,,false,
2025-07-10 19:28:20.789,,"1eccc09f4f7e495b8917104c951eca4b",gXPxdHYCcHbcl7MdsIoFK29AIEf2,1065941583869181953,,,,POINT (51.51941314546416 0.1092560421885094),,,,false,,,false,CARD,,false,
2025-07-14 23:00:29.906,,"1f1d2f64105240219c8a53fa544bdb7e",gXPxdHYCcHbcl7MdsIoFK29AIEf2,1065941582961278977,,,,POINT (51.51942599382975 0.1092420254871573),,,,false,,,false,CARD,,false,
2025-12-25 13:38:59.076,,"1f7c3b1c63ec4bf18f76f109700f230b",KIYKgL71o4ge1horPR08S7hCJN42,1065941582961278977,,,,POINT (51.51942 0.11547),,,,false,,PENDING,false,CARD,,false,
2026-02-04 11:57:56.244,,"1f7e7d1eca8447559111a74f78fd0f44",gXPxdHYCcHbcl7MdsIoFK29AIEf2,1065941583869181953,,,,POINT (51.533768333333335 0.10831),,,,false,,PENDING,false,CARD,Just testing the booking service endpoint if it works has expected,false,
2026-02-03 22:12:39.631,,"1ffc534e875f4f139505f0e708acbf15",gXPxdHYCcHbcl7MdsIoFK29AIEf2,1065941583869181953,,,,POINT (51.53955 0.080945),,,,false,,PENDING,false,CARD,,false,
2026-02-03 19:29:09.867,,"2086942ac9fc4765abc98767f169c043",gXPxdHYCcHbcl7MdsIoFK29AIEf2,1065941582961278977,,,,POINT (37.421998333333335 -122.084),,,,false,,PENDING,false,CARD,,false,
2025-07-23 18:34:52.283,,"208f725afc7646139b26acc94802a101",gXPxdHYCcHbcl7MdsIoFK29AIEf2,1065941582961278977,,,,POINT (51.51942378774427 0.109242609300375),,,,false,,,false,CARD,,false,
2026-02-07 21:40:17.880,,"20b4d8870fc643dfb05b40e0e6e954d4",gXPxdHYCcHbcl7MdsIoFK29AIEf2,1065941582961278977,,,,POINT (51.533768333333335 0.10831),,,,false,,PENDING,false,CARD,,false,
2025-09-11 09:43:46.539,,"20df9b4fc72449e7b3cf1921cd50d85e",gXPxdHYCcHbcl7MdsIoFK29AIEf2,1065941583869181953,,,,POINT (51.5194145170772 0.1092627824939028),,,,false,,,false,CARD,,false,
2025-07-23 11:12:49.988,,"20ffd4e0286d4888a27ae8b3a1fd024e",gXPxdHYCcHbcl7MdsIoFK29AIEf2,1065941582961278977,,,,POINT (51.51942378774427 0.109242609300375),,,,false,,,false,CARD,,false,
2025-08-13 20:59:09.488,,"21146db666da415893b7b8a8f19f0c64",gXPxdHYCcHbcl7MdsIoFK29AIEf2,1065941583869181953,,,,POINT (51.51941920106144 0.1092485525049524),,,,false,,,false,CARD,,false,
2025-07-23 01:37:46.584,,"211db8974ca949a0a9eebc7fbbbbdf22",gXPxdHYCcHbcl7MdsIoFK29AIEf2,1065941583869181953,,,,POINT (51.51942378774427 0.109242609300375),,,,false,,,false,CARD,,false,
2025-07-23 00:39:45.839,,"21d5f93d5eab4aa6a5e2d74372e2967b",gXPxdHYCcHbcl7MdsIoFK29AIEf2,1065941582961278977,,,,POINT (51.51942378774427 0.109242609300375),,,,false,,,false,CARD,,false,
2025-07-11 00:42:23.743,,"220a8f9817f244f2a2e3ab543f4f11b2",gXPxdHYCcHbcl7MdsIoFK29AIEf2,1065941582961278977,,,,POINT (51.51942592621681 0.1092427097060243),,,,false,,,false,CARD,,false,
2025-07-15 00:21:51.522,,"231eb459d40d49b3980cae6b5fb08017",gXPxdHYCcHbcl7MdsIoFK29AIEf2,1065941583869181953,,,,POINT (51.51942599382975 0.1092420254871573),,,,false,,,false,CARD,,false,
2025-07-10 18:57:52.560,,"237be36e558348d5ba1180dc2450edb7",gXPxdHYCcHbcl7MdsIoFK29AIEf2,1065941583869181953,,,,POINT (51.51937508052831 0.1092427958452896),,,,false,,,false,CARD,,false,
2025-09-24 23:38:50.050,2025-09-24 23:39:04.154,"23ba3e26fecf4adfb7709c80603dc8da",gXPxdHYCcHbcl7MdsIoFK29AIEf2,1065941583869181953,f5e29d05737548b6b739618cb3c4d37f,,,POINT (37.4212162 -122.0828568),,,,false,,,false,CARD,,false,
2025-09-09 18:02:34.074,,"23db198a08fe4e1e872854f7d342fb2f",gXPxdHYCcHbcl7MdsIoFK29AIEf2,1065941582961278977,,,,POINT (51.51942 0.11547),,,,false,,,false,CARD,,false,
2025-07-14 22:43:38.880,,"2449a202bb0342e5a900af9be0dc2557",gXPxdHYCcHbcl7MdsIoFK29AIEf2,1065941583869181953,,,,POINT (51.51942599382975 0.1092420254871573),,,,false,,,false,CARD,,false,
2025-08-20 10:38:57.312,2025-08-20 10:39:17.028,"246ead2c44dd47fbadd82d0317b2c098",gXPxdHYCcHbcl7MdsIoFK29AIEf2,1065941583869181953,f5e29d05737548b6b739618cb3c4d37f,,,POINT (51.519417588643904 0.1092498316127541),,,,false,,,false,CARD,,false,
2025-09-12 18:17:10.927,2025-09-12 18:17:38.541,"24876ac7296541818a56b9635b0fd2fc",gXPxdHYCcHbcl7MdsIoFK29AIEf2,1065941583869181953,f5e29d05737548b6b739618cb3c4d37f,,,POINT (51.51942 0.11547),,,,false,,,false,CARD,,false,
2025-09-12 17:22:27.724,2025-09-12 17:23:12.691,"2496c05d0bce4afea1ec1f7f222e981a",gXPxdHYCcHbcl7MdsIoFK29AIEf2,1065941583869181953,f5e29d05737548b6b739618cb3c4d37f,,,POINT (51.51942 0.11547),,,,false,,,false,CARD,,false,
2025-07-14 23:14:55.133,,"259f7c2a5668463db5ffb635ca5f1b41",gXPxdHYCcHbcl7MdsIoFK29AIEf2,1065941583869181953,,,,POINT (51.51942599382975 0.1092420254871573),,,,false,,,false,CARD,,false,
2025-07-10 22:05:23.588,,"25b108170d654b2cacd75a4dc5e35401",gXPxdHYCcHbcl7MdsIoFK29AIEf2,1065941582961278977,,,,POINT (51.51942592621681 0.1092427097060243),,,,false,,,false,CARD,,false,
2025-07-11 00:33:46.803,,"25bc02d9713b428091df0208b0292b1c",gXPxdHYCcHbcl7MdsIoFK29AIEf2,1065941582961278977,,,,POINT (51.51942592621681 0.1092427097060243),,,,false,,,false,CARD,,false,
2025-05-26 19:43:27.671,,"26fc95e888104b37a64021304460e7cf","5youRvOyZYdyYMlM8IAnEgg2Zf92",1065941582961278977,,,,POINT (51.51941840422709 0.1092369986904621),,,,false,,,false,CARD,,false,
2025-07-23 01:04:42.167,,"274f574242984db8b6a7d7b96ca6ca82",gXPxdHYCcHbcl7MdsIoFK29AIEf2,1065941583869181953,,,,POINT (51.51942378774427 0.109242609300375),,,,false,,,false,CARD,,false,
2025-08-18 14:44:00.405,,"27acfef2af014de0972641b653431a1a",gXPxdHYCcHbcl7MdsIoFK29AIEf2,1065941583869181953,,,,POINT (51.51942 0.11547),,,,false,,,false,CARD,,false,
2026-01-07 22:16:58.523,2026-01-07 22:17:30.652,"27d97f63b70341358fb5277d4969a765",gXPxdHYCcHbcl7MdsIoFK29AIEf2,1065941583869181953,f5e29d05737548b6b739618cb3c4d37f,,,POINT (51.51942 0.11547),,,,false,,ARTISAN_MATCHED,false,CARD,Fix dinning table and chai,false,
2025-08-19 00:15:27.605,2025-08-19 00:16:57.355,"28587f466bc54238833ce6adf1f363d3",gXPxdHYCcHbcl7MdsIoFK29AIEf2,1065941583869181953,f5e29d05737548b6b739618cb3c4d37f,,,POINT (51.51941824016977 0.109250370863331),,,,false,,,false,CARD,,false,
2025-07-23 11:12:10.889,,"289267bd535b4c4ab51b06533b598f88",gXPxdHYCcHbcl7MdsIoFK29AIEf2,1065941582961278977,,,,POINT (51.51942378774427 0.109242609300375),,,,false,,,false,CARD,,false,
2026-02-04 18:05:39.958,2026-02-04 18:06:25.592,"28aa5b6f462341aca0b5dc7b33b84a33",gXPxdHYCcHbcl7MdsIoFK29AIEf2,1065941587622297601,f5e29d05737548b6b739618cb3c4d37f,,,POINT (51.51942 0.11547),,,,false,,ARTISAN_MATCHED,false,CARD,Fix my Lamborghini Urus. It’s a ultimate limited 2025 4wd edition,false,
2025-05-05 21:57:13.749,,"28d73291faf5402bbdac1c27cbf4a873","5youRvOyZYdyYMlM8IAnEgg2Zf92",1065941591465197569,,,,POINT (51.51942202746483 0.1092285813345788),,,,false,,,false,CARD,,false,
2025-07-09 22:56:16.630,,"2937944c7c5e43e4adb4a6b944ec6924",gXPxdHYCcHbcl7MdsIoFK29AIEf2,1065941583869181953,,,,POINT (51.51942570146671 0.1092426521638781),,,,false,,,false,CARD,,false,
2025-07-14 23:36:25.743,,"293cccce17af4b98805ff818fa367d41",gXPxdHYCcHbcl7MdsIoFK29AIEf2,1065941583869181953,,,,POINT (51.51943606431011 0.1092363227912999),,,,false,,,false,CARD,,false,
2025-09-13 16:20:43.991,2025-09-13 16:20:58.312,"2959bbdd0ca645d3beb3e4590ddb24c8",gXPxdHYCcHbcl7MdsIoFK29AIEf2,1065941583869181953,f5e29d05737548b6b739618cb3c4d37f,,,POINT (51.51942 0.11547),,,,false,,,false,CARD,,false,
2025-07-10 16:32:21.205,,"299a332e626c49ca80d66c7f934e7a3f",gXPxdHYCcHbcl7MdsIoFK29AIEf2,1065941583869181953,,,,POINT (51.51942570146671 0.1092426521638781),,,,false,,,false,CARD,,false,
2025-06-13 09:40:52.996,,"2a0d315288c64768b34fa14595e2a87e",gXPxdHYCcHbcl7MdsIoFK29AIEf2,1065941582961278977,,,,POINT (51.51942268116859 0.1092369723978484),,,,false,,,false,CARD,,false,
2026-01-02 12:22:24.650,,"2a7c448ecdd44631a895e74f1fdb1a7f",gXPxdHYCcHbcl7MdsIoFK29AIEf2,1065941583869181953,,,,POINT (51.51942 0.11547),,,,false,,PENDING,false,CARD,Fix dinning chair and table,false,
2025-09-11 09:14:36.151,,"2aea3a7661f34aef992dc66f7ee3a526",gXPxdHYCcHbcl7MdsIoFK29AIEf2,1065941583869181953,,,,POINT (51.5194145170772 0.1092627824939028),,,,false,,,false,CARD,,false,
2025-07-23 02:01:37.328,,"2b2ae6184f714f1aa803714f204994d4",gXPxdHYCcHbcl7MdsIoFK29AIEf2,1065941582961278977,,,,POINT (51.51942378774427 0.109242609300375),,,,false,,,false,CARD,,false,
2025-07-14 23:58:54.994,,"2b9cf26c9f454b10bc4e2e6e0a116357",gXPxdHYCcHbcl7MdsIoFK29AIEf2,1065941583869181953,,,,POINT (51.51942599382975 0.1092420254871573),,,,false,,,false,CARD,,false,
2025-09-09 17:34:45.196,,"2bc51099c48e401ea2847cfedcbedc05",gXPxdHYCcHbcl7MdsIoFK29AIEf2,1065941582961278977,,,,POINT (51.51942 0.11547),,,,false,,,false,CARD,,false,
2025-09-24 23:16:55.074,2025-09-24 23:17:07.569,"2bf38fb08ad0490083ffa2350395ebbd",gXPxdHYCcHbcl7MdsIoFK29AIEf2,1065941583869181953,f5e29d05737548b6b739618cb3c4d37f,,,POINT (37.4212162 -122.0828568),,,,false,,,false,CARD,,false,
2025-07-10 16:15:10.861,,"2bfdf87c26be41c7b5177de80ab0cdd2",gXPxdHYCcHbcl7MdsIoFK29AIEf2,1065941583869181953,,,,POINT (51.51942570146671 0.1092426521638781),,,,false,,,false,CARD,,false,
2025-07-14 23:21:31.330,,"2c7ef75973e34c078e3448e5d13b875f",gXPxdHYCcHbcl7MdsIoFK29AIEf2,1065941583869181953,,,,POINT (51.51942599382975 0.1092420254871573),,,,false,,,false,CARD,,false,
2025-07-10 17:05:47.820,,"2c86f1de3ed5465aa451f9aae4fd86a5",gXPxdHYCcHbcl7MdsIoFK29AIEf2,1065941583869181953,,,,POINT (51.51942570146671 0.1092426521638781),,,,false,,,false,CARD,,false,
2025-07-02 17:53:46.913,,"2c8bb1dd0eb44e21977c5c893e9fd5d6",gXPxdHYCcHbcl7MdsIoFK29AIEf2,1065941582961278977,,,,POINT (51.519425082165704 0.1092419788309758),,,,false,,,false,CARD,,false,
2025-08-20 08:42:32.067,,"2c9dc3534f784806acdff3ddadd652a5",gXPxdHYCcHbcl7MdsIoFK29AIEf2,1065941583869181953,,,,POINT (51.519417588643904 0.1092498316127541),,,,false,,,false,CARD,,false,
2025-05-26 18:36:52.950,,"2d01926d8d574cc3b9d58a7429e0e5e2","5youRvOyZYdyYMlM8IAnEgg2Zf92",1065941582961278977,,,,POINT (51.51941621685526 0.1092354268728901),,,,false,,,false,CARD,,false,
2026-01-02 12:24:51.723,,"2db58b49d2e34b8fbe10e52e8bb72959",gXPxdHYCcHbcl7MdsIoFK29AIEf2,1065941583869181953,,,,POINT (51.51942 0.11547),,,,false,,PENDING,false,CARD,Fix dinning chair and table,false,
2025-07-09 22:15:13.557,,"2e070069f5434ff68b3be440a5a0d49f",gXPxdHYCcHbcl7MdsIoFK29AIEf2,1065941583869181953,,,,POINT (51.51942570146671 0.1092426521638781),,,,false,,,false,CARD,,false,
2025-07-24 00:29:38.665,,"2e0ab05589dd4936b4cc8cf117310370",gXPxdHYCcHbcl7MdsIoFK29AIEf2,1065941582961278977,,,,POINT (51.51942334361081 0.1092422452904198),,,,false,,,false,CARD,,false,
2025-10-25 20:14:03.721,,"2e248d8650b3429eae5104f6f09d0f88",KIYKgL71o4ge1horPR08S7hCJN42,1065941582961278977,,,,POINT (51.51942 0.11547),,,,false,,PENDING,false,CARD,,false,
2025-07-23 00:10:17.881,,"2ecbea5d94a74079b00fa628fb614861",gXPxdHYCcHbcl7MdsIoFK29AIEf2,1065941582961278977,,,,POINT (51.51942378774427 0.109242609300375),,,,false,,,false,CARD,,false,
2025-09-09 17:39:47.918,,"2eebd3b1f639408691d018775a80bdce",gXPxdHYCcHbcl7MdsIoFK29AIEf2,1065941582961278977,,,,POINT (51.51942 0.11547),,,,false,,,false,CARD,,false,
2025-05-26 22:51:57.935,,"2f38cc7c092e457e8d8e7879d4d77041","5youRvOyZYdyYMlM8IAnEgg2Zf92",1065941583869181953,,,,POINT (51.51941840422709 0.1092369986904621),,,,false,,,false,CARD,,false,
2025-09-20 17:44:04.863,2025-09-20 17:47:59.690,"2fc0cc3a0e1b43d5aeac3c208e57cb5e",fMeBU1HTAyczOG8IbAJ8eYLnbTi2,1065941582961278977,f5e29d05737548b6b739618cb3c4d37f,,,POINT (6.516499826425177 3.3872673442080536),,,,false,,,false,CASH,,false,
2025-07-07 23:11:09.847,,"303713b2ce364fa6b02529f36af334f4",gXPxdHYCcHbcl7MdsIoFK29AIEf2,1065941583869181953,,,,POINT (51.519425562859475 0.1092419752133327),,,,false,,,false,CARD,,false,
2025-05-06 00:16:35.524,,"306a016353774c81928ec7052cda7de3","5youRvOyZYdyYMlM8IAnEgg2Zf92",1065941591465197569,,,,POINT (51.5194138763419 0.1092386616926036),,,,false,,,false,CARD,,false,
2025-08-13 20:35:16.379,,"312df642aa0045189612847e1489d3ce",gXPxdHYCcHbcl7MdsIoFK29AIEf2,1065941583869181953,,,,POINT (51.51941920106144 0.1092485525049524),,,,false,,,false,CARD,,false,
2025-09-09 20:33:59.256,,"31399b71017c4a2a9cda703335d2cb6f",gXPxdHYCcHbcl7MdsIoFK29AIEf2,1065941582961278977,,,,POINT (51.51942 0.11547),,,,false,,,false,CARD,,false,
2025-09-09 17:40:38.067,,"3264bb6f1e914424997c21dd1e6b03a9",gXPxdHYCcHbcl7MdsIoFK29AIEf2,1065941582961278977,,,,POINT (51.51942 0.11547),,,,false,,,false,CARD,,false,
2025-07-09 23:28:03.270,,"32bf1287b240435f990cd4fc956589bd",gXPxdHYCcHbcl7MdsIoFK29AIEf2,1065941583869181953,,,,POINT (51.51942570146671 0.1092426521638781),,,,false,,,false,CARD,,false,
2025-09-20 01:48:17.462,,"32c8de78ace4423a816326c5262c15bc",gXPxdHYCcHbcl7MdsIoFK29AIEf2,1065941590504865793,,,,POINT (37.4220936 -122.083922),,,,false,,,false,CARD,,false,
2025-07-14 22:50:00.872,,"32cb7cadfc3a4277ba93ce34439cee3f",gXPxdHYCcHbcl7MdsIoFK29AIEf2,1065941583869181953,,,,POINT (51.51942599382975 0.1092420254871573),,,,false,,,false,CARD,,false,
2026-01-03 10:46:27.786,,"333bf9f136864bcba89cd3af6d612b4c",gXPxdHYCcHbcl7MdsIoFK29AIEf2,1065941583869181953,,,,POINT (51.51942 0.11547),,,,false,,PENDING,false,CARD,Test Booking,false,
2025-07-08 16:00:48.670,,"34918bc25b674b4496dc806937733617",gXPxdHYCcHbcl7MdsIoFK29AIEf2,1065941582961278977,,,,POINT (51.51944 0.109),,,,false,,,false,CARD,,false,
2025-07-23 00:26:28.507,,"34e9c3d340f54b9d96b1206ee494f057",gXPxdHYCcHbcl7MdsIoFK29AIEf2,1065941582961278977,,,,POINT (51.51942378774427 0.109242609300375),,,,false,,,false,CARD,,false,
2025-09-09 18:00:04.132,,"35c9e25b04234904b24c88f60439c2b3",gXPxdHYCcHbcl7MdsIoFK29AIEf2,1065941582961278977,,,,POINT (51.51942 0.11547),,,,false,,,false,CARD,,false,
2026-01-02 09:59:59.301,,"360019dd02644663bdd8752a527985a4",gXPxdHYCcHbcl7MdsIoFK29AIEf2,1065941583869181953,,,,POINT (51.51942 0.11547),,,,false,,PENDING,false,CARD,Testing Push Notifications ,false,
2026-01-08 13:51:02.064,,"3613aef870664ebc83d64bab8d677a44",gXPxdHYCcHbcl7MdsIoFK29AIEf2,1065941582961278977,,,,POINT (51.51942 0.11547),,,,false,,PENDING,false,CARD,Testing Server Logs,false,
2025-07-10 23:15:07.358,,"367a20ee653044cca68eaefc6d32785c",gXPxdHYCcHbcl7MdsIoFK29AIEf2,1065941582961278977,,,,POINT (51.51942592621681 0.1092427097060243),,,,false,,,false,CARD,,false,
2025-07-10 22:05:42.612,,"3689a3742b6f4e2c82f1923eb15721f1",gXPxdHYCcHbcl7MdsIoFK29AIEf2,1065941582961278977,,,,POINT (51.51942592621681 0.1092427097060243),,,,false,,,false,CARD,,false,
2025-09-12 19:33:25.833,2025-09-12 19:33:54.075,"36f637cd853f48ef88adbd0a69941413",gXPxdHYCcHbcl7MdsIoFK29AIEf2,1065941583869181953,f5e29d05737548b6b739618cb3c4d37f,,,POINT (51.51942 0.11547),,,,false,,,false,CARD,,false,
2025-07-11 00:44:34.888,,"37e153f32b4f464c9154dc584ce79124",gXPxdHYCcHbcl7MdsIoFK29AIEf2,1065941582961278977,,,,POINT (51.51942592621681 0.1092427097060243),,,,false,,,false,CARD,,false,
2025-09-11 09:45:34.924,,"3822ed2a05814fec9c935e816e1cd6d0",gXPxdHYCcHbcl7MdsIoFK29AIEf2,1065941583869181953,,,,POINT (51.5194145170772 0.1092627824939028),,,,false,,,false,CARD,,false,
2025-07-23 12:27:00.638,,"38a638e4faf843748e003b9d4b4761a1",gXPxdHYCcHbcl7MdsIoFK29AIEf2,1065941582961278977,,,,POINT (51.51942378774427 0.109242609300375),,,,false,,,false,CARD,,false,
2025-08-12 23:03:10.085,,"38b9c0ca4dff4450a332c2663117f541",gXPxdHYCcHbcl7MdsIoFK29AIEf2,1065941582961278977,,,,POINT (51.51941958804575 0.1092481789759471),,,,false,,,false,CARD,,false,
2025-05-07 23:02:27.099,,"38e62eb79b8c4565a227130311d193af",xcs5GzKUulZjKB6rHZCEFR8Zm903,1065941582961278977,,,,POINT (51.51941364451843 0.1092384496380315),,,,false,,,false,CARD,,false,
2025-07-09 23:28:37.158,,"3946adba0d754d639c60bfd760b02da3",gXPxdHYCcHbcl7MdsIoFK29AIEf2,1065941583869181953,,,,POINT (51.51942570146671 0.1092426521638781),,,,false,,,false,CARD,,false,
2025-09-16 18:30:11.039,2025-09-16 18:31:47.047,"396dab4ae51d40bf8587dad16ff2dce0",gXPxdHYCcHbcl7MdsIoFK29AIEf2,1065941582961278977,f5e29d05737548b6b739618cb3c4d37f,,,POINT (51.51942 0.11547),,,,false,,,false,CARD,,false,
2026-02-03 19:05:55.259,,"39ad92ae5a3d4492acb46bcfc5d52805",KIYKgL71o4ge1horPR08S7hCJN42,1065941591465197569,,,,POINT (51.51942 0.11547),,,,false,,PENDING,false,CARD,Gardening,false,
2025-05-26 19:51:48.213,,"39e1f331b83b4761b8c10023852f2841","5youRvOyZYdyYMlM8IAnEgg2Zf92",1065941582961278977,,,,POINT (51.51941840422709 0.1092369986904621),,,,false,,,false,CARD,,false,
2026-01-02 15:11:55.457,,"3a1d56396add4d30a1b0d6d695899716",KIYKgL71o4ge1horPR08S7hCJN42,1065941583869181953,,,,POINT (6.516499826425177 3.3872673442080536),,,,false,,PENDING,false,CASH,,false,
2025-09-09 17:59:48.696,,"3a7a5c95d4ba467a8a5799ff9063e599",gXPxdHYCcHbcl7MdsIoFK29AIEf2,1065941582961278977,,,,POINT (51.51942 0.11547),,,,false,,,false,CARD,,false,
2025-07-02 17:57:03.324,,"3a8fab7c4da44c3a8f46c1828f31eb16",gXPxdHYCcHbcl7MdsIoFK29AIEf2,1065941582961278977,,,,POINT (51.519425082165704 0.1092419788309758),,,,false,,,false,CARD,,false,
2025-09-11 07:39:13.052,,"3ae44627b41e4ca9a723588f43c5e6fd",gXPxdHYCcHbcl7MdsIoFK29AIEf2,1065941583869181953,,,,POINT (51.5194145170772 0.1092627824939028),,,,false,,,false,CARD,,false,
2025-09-09 17:36:26.911,,"3af0e68d251a4734a33852741a671c39",gXPxdHYCcHbcl7MdsIoFK29AIEf2,1065941582961278977,,,,POINT (51.51942 0.11547),,,,false,,,false,CARD,,false,
2025-07-14 22:28:49.219,,"3b1a95f2ce3b41dca1e0dfe55b719130",gXPxdHYCcHbcl7MdsIoFK29AIEf2,1065941583869181953,,,,POINT (51.51942599382975 0.1092420254871573),,,,false,,,false,CARD,,false,
2025-07-03 15:52:06.386,,"3b3842d2e4e7477bb2e650893a2de611",gXPxdHYCcHbcl7MdsIoFK29AIEf2,1065941582961278977,,,,POINT (51.548683 0.1276344),,,,false,,,false,CARD,,false,
2025-07-10 22:03:45.215,,"3b50dc39a4884a27b01944d6ead17dac",gXPxdHYCcHbcl7MdsIoFK29AIEf2,1065941582961278977,,,,POINT (51.51942592621681 0.1092427097060243),,,,false,,,false,CARD,,false,
2025-07-10 23:18:43.683,,"3b5c9ec2d2c343108e5443a8a7b4018f",gXPxdHYCcHbcl7MdsIoFK29AIEf2,1065941582961278977,,,,POINT (51.51942592621681 0.1092427097060243),,,,false,,,false,CARD,,false,
2025-07-10 17:48:51.911,,"3b8adf3956454f248fbede66733aad7b",gXPxdHYCcHbcl7MdsIoFK29AIEf2,1065941582961278977,,,,POINT (51.51942570146671 0.1092426521638781),,,,false,,,false,CARD,,false,
2025-07-23 02:02:44.247,,"3b8d6f9b31f94e83ae190a5c5215b118",gXPxdHYCcHbcl7MdsIoFK29AIEf2,1065941582961278977,,,,POINT (51.51942378774427 0.109242609300375),,,,false,,,false,CARD,,false,
2025-09-16 19:49:56.961,2025-09-16 19:50:46.998,"3b9d32f465d04b26b915a8d35047aecf",gXPxdHYCcHbcl7MdsIoFK29AIEf2,1065941583869181953,f5e29d05737548b6b739618cb3c4d37f,,,POINT (51.51942 0.11547),,,,false,,,false,CARD,Fix broken dinning chairs and table and also centre table,false,
2025-07-23 02:10:40.340,,"3bae08ca61ec4464aee25a97c94204b0",gXPxdHYCcHbcl7MdsIoFK29AIEf2,1065941582961278977,,,,POINT (51.51942378774427 0.109242609300375),,,,false,,,false,CARD,,false,
2025-09-20 13:49:16.040,2025-09-20 13:49:31.326,"3bf1f72022634e2d9eb381fa8f7a8804",gXPxdHYCcHbcl7MdsIoFK29AIEf2,1065941582961278977,f5e29d05737548b6b739618cb3c4d37f,,,POINT (37.4212162 -122.0828568),,,,false,,,false,CARD,,false,
2025-07-14 22:17:47.736,,"3c158f78f6c549dea49713f47e9677bd",gXPxdHYCcHbcl7MdsIoFK29AIEf2,1065941583869181953,,,,POINT (51.51942599382975 0.1092420254871573),,,,false,,,false,CARD,,false,
2025-07-14 23:21:16.533,,"3c34dcc7dbed426c87cc2ae015db31d5",gXPxdHYCcHbcl7MdsIoFK29AIEf2,1065941583869181953,,,,POINT (51.51942599382975 0.1092420254871573),,,,false,,,false,CARD,,false,
2025-07-10 19:22:37.297,,"3ca4f101d948433ab0de4c84069fe31f",gXPxdHYCcHbcl7MdsIoFK29AIEf2,1065941583869181953,,,,POINT (51.51942570146671 0.1092426521638781),,,,false,,,false,CARD,,false,
2026-02-04 17:13:55.627,,"3ce58b655e11485e8ab5512af9d4d95e",gXPxdHYCcHbcl7MdsIoFK29AIEf2,1065941582961278977,,,,POINT (51.51942 0.11547),,,,false,,PENDING,false,CARD,Test booking request for a laundry service. ,false,
2025-07-23 18:15:53.502,,"3cfc78127a7e446a92a290d62a6d96d5",gXPxdHYCcHbcl7MdsIoFK29AIEf2,1065941582961278977,,,,POINT (51.51942378774427 0.109242609300375),,,,false,,,false,CARD,,false,
2025-07-10 21:59:49.696,,"3d08567efab44f4d983f3a7ad35bfffd",gXPxdHYCcHbcl7MdsIoFK29AIEf2,1065941582961278977,,,,POINT (51.51942592621681 0.1092427097060243),,,,false,,,false,CARD,,false,
2025-07-14 23:19:20.201,,"3d21fc05c1fb448bba1dfd2b63eb3435",gXPxdHYCcHbcl7MdsIoFK29AIEf2,1065941583869181953,,,,POINT (51.51942599382975 0.1092420254871573),,,,false,,,false,CARD,,false,
2025-06-14 04:32:36.548,,"3d6071d82d834051b93f0f12d57ce84c",KIYKgL71o4ge1horPR08S7hCJN42,1065941582961278977,,,,POINT (6.518139822341671 3.3995335371527604),,,,false,,,false,CASH,,false,
2025-07-23 00:58:23.942,,"3df3f4948ef4476f843923954e0dc3eb",gXPxdHYCcHbcl7MdsIoFK29AIEf2,1065941582961278977,,,,POINT (51.51942378774427 0.109242609300375),,,,false,,,false,CARD,,false,
2025-09-09 17:33:07.986,,"3e5e0a296bd24cfa977a837ccb61487a",gXPxdHYCcHbcl7MdsIoFK29AIEf2,1065941582961278977,,,,POINT (51.51942 0.11547),,,,false,,,false,CARD,,false,
2025-09-09 18:32:24.056,,"3ebab93276b3488287b19682974c225a",gXPxdHYCcHbcl7MdsIoFK29AIEf2,1065941582961278977,,,,POINT (51.51942 0.11547),,,,false,,,false,CARD,,false,
2025-07-23 12:30:05.861,,"3fc34401824d4f70a3254983a52b29f5",gXPxdHYCcHbcl7MdsIoFK29AIEf2,1065941582961278977,,,,POINT (51.51942378774427 0.109242609300375),,,,false,,,false,CARD,,false,
2025-12-31 13:53:57.498,2025-12-31 13:54:38.243,"3fe1681524c040c5ab2a4085016c593b",KIYKgL71o4ge1horPR08S7hCJN42,1065941583869181953,f5e29d05737548b6b739618cb3c4d37f,,,POINT (6.516499826425177 3.3872673442080536),,,,false,,ARTISAN_MATCHED,false,CASH,,false,
2025-07-23 11:22:42.379,,"404300fbeddf47d1a27df7b4c640f299",gXPxdHYCcHbcl7MdsIoFK29AIEf2,1065941583869181953,,,,POINT (51.51942378774427 0.109242609300375),,,,false,,,false,CARD,,false,
2025-09-10 10:21:50.600,,"40b808454d16472c9715d5272620b648",gXPxdHYCcHbcl7MdsIoFK29AIEf2,1065941583869181953,,,,POINT (51.51941313883042 0.1092595658797715),,,,false,,,false,CARD,,false,
2026-01-02 12:25:40.477,,"40dbb7eea8c647c9b4a03a0334f19ccb",gXPxdHYCcHbcl7MdsIoFK29AIEf2,1065941583869181953,,,,POINT (51.51942 0.11547),,,,false,,PENDING,false,CARD,Fix table and chairs,false,
2025-09-10 10:38:07.046,,"413ab47a063d498fb2abca5a34e6a46e",gXPxdHYCcHbcl7MdsIoFK29AIEf2,1065941583869181953,,,,POINT (51.51941313883042 0.1092595658797715),,,,false,,,false,CARD,,false,
2025-07-08 16:18:22.232,,"414f36753d294c83a7fdbcd681b7ac91",gXPxdHYCcHbcl7MdsIoFK29AIEf2,1065941583869181953,,,,POINT (51.51944 0.109),,,,false,,,false,CARD,,false,
2025-07-23 12:02:43.576,,"418f4a5c4ee940f58ae49d731beecd19",gXPxdHYCcHbcl7MdsIoFK29AIEf2,1065941582961278977,,,,POINT (51.51942378774427 0.109242609300375),,,,false,,,false,CARD,,false,
2025-12-30 02:09:02.169,2025-12-30 02:09:16.126,"418f5e58099640f4a8bb24c3f150594c",fMeBU1HTAyczOG8IbAJ8eYLnbTi2,1065941583869181953,f5e29d05737548b6b739618cb3c4d37f,,,POINT (6.516499826425177 3.3872673442080536),,,,false,,ARTISAN_MATCHED,false,CASH,,false,
2025-07-23 23:14:05.310,,"426d8e933c934c7f94ce80fd1057b0e0",gXPxdHYCcHbcl7MdsIoFK29AIEf2,1065941582961278977,,,,POINT (51.51942334361081 0.1092422452904198),,,,false,,,false,CARD,,false,
2025-07-23 12:47:53.841,,"428cfd741a0b4e8d8904d84345301bde",gXPxdHYCcHbcl7MdsIoFK29AIEf2,1065941583869181953,,,,POINT (51.51942378774427 0.109242609300375),,,,false,,,false,CARD,,false,
2025-07-08 16:15:01.479,,"42abb269e4ab4a29a35df27811ce8ec8",gXPxdHYCcHbcl7MdsIoFK29AIEf2,1065941582961278977,,,,POINT (51.51944 0.109),,,,false,,,false,CARD,,false,
2025-07-09 23:38:03.871,,"42f1cb43df1c48fb991a4e14750540de",gXPxdHYCcHbcl7MdsIoFK29AIEf2,1065941583869181953,,,,POINT (51.51942570146671 0.1092426521638781),,,,false,,,false,CARD,,false,
2025-12-31 15:37:45.629,2025-12-31 15:38:04.439,"432954bdbe534ed4ba4e8c4f7cefb6d2",KIYKgL71o4ge1horPR08S7hCJN42,1065941583869181953,f5e29d05737548b6b739618cb3c4d37f,,,POINT (6.516499826425177 3.3872673442080536),,,,false,,ARTISAN_MATCHED,false,CASH,,false,
2025-05-07 22:44:54.511,,"4366cf1f564942a6830d101c59af0efc",xcs5GzKUulZjKB6rHZCEFR8Zm903,1065941582961278977,,,,POINT (51.51941364451843 0.1092384496380315),,,,false,,,false,CARD,,false,
2025-09-12 17:38:38.018,2025-09-12 17:39:03.443,"43c99608dd6244caadc28c15f676e96a",gXPxdHYCcHbcl7MdsIoFK29AIEf2,1065941583869181953,f5e29d05737548b6b739618cb3c4d37f,,,POINT (51.51942 0.11547),,,,false,,,false,CARD,,false,
2025-07-15 00:15:24.482,,"43ea17e804964304b0935b98808cf95b",gXPxdHYCcHbcl7MdsIoFK29AIEf2,1065941583869181953,,,,POINT (51.51942599382975 0.1092420254871573),,,,false,,,false,CARD,,false,
2025-08-19 00:13:06.573,,"4513b0d768544751b28ebe9b7e7156d1",gXPxdHYCcHbcl7MdsIoFK29AIEf2,1065941583869181953,,,,POINT (51.51941824016977 0.109250370863331),,,,false,,,false,CARD,,false,
2025-07-11 08:59:56.113,,"45ce8018d85442cb9ac8af03a002686b",gXPxdHYCcHbcl7MdsIoFK29AIEf2,1065941582961278977,,,,POINT (51.51944 0.109),,,,false,,,false,CARD,,false,
2025-07-09 22:57:13.981,,"45e2d5d450234290940d23cbf0d8f10c",gXPxdHYCcHbcl7MdsIoFK29AIEf2,1065941582961278977,,,,POINT (51.51942570146671 0.1092426521638781),,,,false,,,false,CARD,,false,
2025-07-23 11:45:58.702,,"463b6fe2d1714779a63d89f628c6b438",gXPxdHYCcHbcl7MdsIoFK29AIEf2,1065941582961278977,,,,POINT (51.519399557826766 0.1092234914728937),,,,false,,,false,CARD,,false,
2026-01-03 10:59:49.103,,"46b436a36dc74c84984ae6fb5a0622bc",gXPxdHYCcHbcl7MdsIoFK29AIEf2,1065941582961278977,,,,POINT (51.51942 0.11547),,,,false,,PENDING,false,CARD,Test Booking,false,
2025-07-03 17:40:49.517,,"46cc7b8e171d40b5bb063484f7e018c9",gXPxdHYCcHbcl7MdsIoFK29AIEf2,1065941583869181953,,,,POINT (51.548683 0.1276344),,,,false,,,false,CARD,,false,
2025-08-12 23:03:36.688,,"470078a4f14d4fab881e7223bab706ee",gXPxdHYCcHbcl7MdsIoFK29AIEf2,1065941583869181953,,,,POINT (51.51941958804575 0.1092481789759471),,,,false,,,false,CARD,,false,
2025-07-23 00:33:53.832,,"4799d1a9b5eb44bd90888cb959c74805",gXPxdHYCcHbcl7MdsIoFK29AIEf2,1065941583869181953,,,,POINT (51.51942378774427 0.109242609300375),,,,false,,,false,CARD,,false,
2025-07-14 23:18:46.096,,"47ee901beb564ad78532334ff120813b",gXPxdHYCcHbcl7MdsIoFK29AIEf2,1065941583869181953,,,,POINT (51.51942599382975 0.1092420254871573),,,,false,,,false,CARD,,false,
2025-09-10 09:56:31.517,,"47fbf65615754db598228ba4feb06acd",gXPxdHYCcHbcl7MdsIoFK29AIEf2,1065941583869181953,,,,POINT (51.51941313883042 0.1092595658797715),,,,false,,,false,CARD,,false,
2025-09-09 17:53:53.672,,"485670529bda483b8709343de7812d44",gXPxdHYCcHbcl7MdsIoFK29AIEf2,1065941582961278977,,,,POINT (51.51942 0.11547),,,,false,,,false,CARD,,false,
2025-07-03 17:53:23.055,,"486dd389afee4cd39b1804f7145b94f9",gXPxdHYCcHbcl7MdsIoFK29AIEf2,1065941583869181953,,,,POINT (51.519 0.1176),,,,false,,,false,CARD,,false,
2025-09-13 01:21:41.671,,"489ec878cdff488ab5a8d59f58683e71",gXPxdHYCcHbcl7MdsIoFK29AIEf2,1065941583869181953,,,,POINT (51.51942 0.11547),,,,false,,,false,CARD,,false,
2025-08-16 01:02:22.069,,"48b9ac7beef64fe1b90a64e0f106ee73",gXPxdHYCcHbcl7MdsIoFK29AIEf2,1065941591465197569,,,,POINT (51.51942 0.11547),,,,false,,,false,CARD,,false,
2025-08-18 23:59:40.041,,"48d19f2a269b43a6a49652f90bd3b709",gXPxdHYCcHbcl7MdsIoFK29AIEf2,1065941583869181953,,,,POINT (37.4220936 -122.083922),,,,false,,,false,CARD,,false,
2025-07-23 12:04:01.788,,"493b58fd24724693b97ec9fa9018d6f8",gXPxdHYCcHbcl7MdsIoFK29AIEf2,1065941582961278977,,,,POINT (51.51942378774427 0.109242609300375),,,,false,,,false,CARD,,false,
2025-08-13 20:43:12.372,,"496595a8060c42fbb555e74b22bd05c6",gXPxdHYCcHbcl7MdsIoFK29AIEf2,1065941583869181953,,,,POINT (51.51941920106144 0.1092485525049524),,,,false,,,false,CARD,,false,
2025-07-11 00:19:08.251,,"497db555a0d841faa4eda8b60bdc2e0c",gXPxdHYCcHbcl7MdsIoFK29AIEf2,1065941583869181953,,,,POINT (51.51942592621681 0.1092427097060243),,,,false,,,false,CARD,,false,
2025-12-31 14:09:54.771,2025-12-31 14:10:13.760,"49bcd210ce424ac692b4c9dbfe46dcb8",KIYKgL71o4ge1horPR08S7hCJN42,1065941583869181953,f5e29d05737548b6b739618cb3c4d37f,,,POINT (6.516499826425177 3.3872673442080536),,,,false,,ARTISAN_MATCHED,false,CASH,,false,
2025-07-10 18:58:10.883,,"49cfa9c19552484abd105303c74a1860",gXPxdHYCcHbcl7MdsIoFK29AIEf2,1065941583869181953,,,,POINT (51.51937767237998 0.1092429974925865),,,,false,,,false,CARD,,false,
2026-01-08 22:05:22.104,2026-01-08 22:05:59.287,"4a369c39f6544e8594e99317e4b3c84b",gXPxdHYCcHbcl7MdsIoFK29AIEf2,1065941583869181953,f5e29d05737548b6b739618cb3c4d37f,,,POINT (51.51942 0.11547),,,,false,,ARTISAN_MATCHED,false,CARD,,false,
2025-06-13 09:41:39.588,,"4a4e936f619d4f3b8f572c07d4ac8cde",gXPxdHYCcHbcl7MdsIoFK29AIEf2,1065941582961278977,,,,POINT (51.51942268116859 0.1092369723978484),,,,false,,,false,CARD,,false,
2025-07-14 21:35:43.425,,"4a6b9d44c46e4f3f9801effd2171e2e1",gXPxdHYCcHbcl7MdsIoFK29AIEf2,1065941583869181953,,,,POINT (51.51942599382975 0.1092420254871573),,,,false,,,false,CARD,,false,
2025-08-16 15:25:42.656,,"4a77b41dbc424520948b5729569f0d8b",KIYKgL71o4ge1horPR08S7hCJN42,1065941591465197569,,,,POINT (51.51941920106144 0.1092485525049524),,,,false,,,false,CARD,,false,
2025-12-31 15:07:03.934,2025-12-31 15:07:17.593,"4aeca789067b492cb8237c3345690aa5",KIYKgL71o4ge1horPR08S7hCJN42,1065941583869181953,f5e29d05737548b6b739618cb3c4d37f,,,POINT (6.516499826425177 3.3872673442080536),,,,false,,ARTISAN_MATCHED,false,CASH,,false,
2025-09-10 10:25:14.636,,"4c5a292fa5d14c4d87183d042f8790bb",gXPxdHYCcHbcl7MdsIoFK29AIEf2,1065941583869181953,,,,POINT (51.51941313883042 0.1092595658797715),,,,false,,,false,CARD,,false,
2025-09-13 16:20:19.615,,"4c68fc8bc61c402e844b51cb8e242f14",gXPxdHYCcHbcl7MdsIoFK29AIEf2,1065941583869181953,,,,POINT (51.51942 0.11547),,,,false,,,false,CARD,,false,
2025-08-13 20:31:33.253,,"4cb5a4b86bdc409592afed4717404f40",gXPxdHYCcHbcl7MdsIoFK29AIEf2,1065941583869181953,,,,POINT (51.51941920106144 0.1092485525049524),,,,false,,,false,CARD,,false,
2025-07-23 00:48:15.025,,"4d953772921c4481811c39714976e54d",gXPxdHYCcHbcl7MdsIoFK29AIEf2,1065941582961278977,,,,POINT (51.51947921393162 0.1091928694611731),,,,false,,,false,CARD,,false,
2025-12-30 01:53:49.253,2025-12-30 01:54:11.039,"4db279e38773498e858ceddbb1046ea8",fMeBU1HTAyczOG8IbAJ8eYLnbTi2,1065941583869181953,f5e29d05737548b6b739618cb3c4d37f,,,POINT (6.516499826425177 3.3872673442080536),,,,false,,ARTISAN_MATCHED,false,CASH,,false,
2025-12-31 13:57:49.203,2025-12-31 14:00:44.996,"4e4c010c8fde46f4b4e5d9c442108e2a",KIYKgL71o4ge1horPR08S7hCJN42,1065941583869181953,f5e29d05737548b6b739618cb3c4d37f,,,POINT (6.516499826425177 3.3872673442080536),,,,false,,ARTISAN_MATCHED,false,CASH,,false,
2025-08-20 10:51:47.488,2025-08-20 10:52:05.896,"4eed11bd78114730862aa4d1ad75b939",gXPxdHYCcHbcl7MdsIoFK29AIEf2,1065941583869181953,f5e29d05737548b6b739618cb3c4d37f,,,POINT (51.519417588643904 0.1092498316127541),,,,false,,,false,CARD,,false,
2025-08-22 22:40:41.479,,"4f0b4d76cbcf4875902d5c1390ff538c",KIYKgL71o4ge1horPR08S7hCJN42,1065941582961278977,,,,POINT (37.4220936 -122.083922),,,,false,,,false,CARD,,false,
2025-07-03 17:39:33.270,,"4fe9901f3126415cb0cd8b4d16ba9992",gXPxdHYCcHbcl7MdsIoFK29AIEf2,1065941583869181953,,,,POINT (51.548683 0.1276344),,,,false,,,false,CARD,,false,
2025-07-23 02:04:19.951,,"501d56223153425aa579f54fca216cf8",gXPxdHYCcHbcl7MdsIoFK29AIEf2,1065941582961278977,,,,POINT (51.51942378774427 0.109242609300375),,,,false,,,false,CARD,,false,
2025-08-19 00:40:29.992,2025-08-19 00:42:34.900,"50d6c49d965549bea3bf46e3e0b902b5",gXPxdHYCcHbcl7MdsIoFK29AIEf2,1065941583869181953,f5e29d05737548b6b739618cb3c4d37f,,,POINT (51.51941824016977 0.109250370863331),,,,false,,,false,CARD,,false,
2025-07-23 11:52:39.432,,"50f585375c66470bb6f2d5ea2680d4ac",gXPxdHYCcHbcl7MdsIoFK29AIEf2,1065941583869181953,,,,POINT (51.51942378774427 0.109242609300375),,,,false,,,false,CARD,,false,
2025-12-30 01:49:03.141,2025-12-30 01:49:17.549,"5166a8e16d504f14b6cf8199f6159e81",fMeBU1HTAyczOG8IbAJ8eYLnbTi2,1065941583869181953,f5e29d05737548b6b739618cb3c4d37f,,,POINT (6.516499826425177 3.3872673442080536),,,,false,,ARTISAN_MATCHED,false,CASH,,false,
2025-08-18 15:13:05.881,,"5185a6fc52874940911e8b21730288d4",gXPxdHYCcHbcl7MdsIoFK29AIEf2,1065941583869181953,,,,POINT (51.51942 0.11547),,,,false,,,false,CARD,,false,
2025-07-23 00:51:46.513,,"51894a384e9b40a5a692a0349de61a7a",gXPxdHYCcHbcl7MdsIoFK29AIEf2,1065941582961278977,,,,POINT (51.51942378774427 0.109242609300375),,,,false,,,false,CARD,,false,
2025-07-08 00:11:07.540,,"518a6388dea543188e4379aa234818dc",gXPxdHYCcHbcl7MdsIoFK29AIEf2,1065941583869181953,,,,POINT (51.519425562859475 0.1092419752133327),,,,false,,,false,CARD,,false,
2025-08-13 20:41:41.788,,"519be6391d56413da8f0913d61f6f263",gXPxdHYCcHbcl7MdsIoFK29AIEf2,1065941583869181953,,,,POINT (51.51941920106144 0.1092485525049524),,,,false,,,false,CARD,,false,
2026-02-04 12:22:02.572,,"51ee4f24ea584502858287382f77a1f2",gXPxdHYCcHbcl7MdsIoFK29AIEf2,1065941583869181953,,,,POINT (51.533768333333335 0.10831),,,,false,,PENDING,false,CARD,,false,
2025-09-09 17:33:25.814,,"52396e9c73624abd9e970e9094bfad60",gXPxdHYCcHbcl7MdsIoFK29AIEf2,1065941582961278977,,,,POINT (51.51942 0.11547),,,,false,,,false,CARD,,false,
2025-09-09 17:40:16.928,,"52b43bbecebf4de1ac23527739ef9acf",gXPxdHYCcHbcl7MdsIoFK29AIEf2,1065941582961278977,,,,POINT (51.51942 0.11547),,,,false,,,false,CARD,,false,
2025-07-11 08:56:39.733,,"52e35204df6a40ce97f55a022310945e",gXPxdHYCcHbcl7MdsIoFK29AIEf2,1065941582961278977,,,,POINT (51.51944 0.109),,,,false,,,false,CARD,,false,
2025-09-20 17:57:20.194,2025-09-20 17:57:54.397,"5323288b0b6d4aa2accc82f7c483b41f",fMeBU1HTAyczOG8IbAJ8eYLnbTi2,1065941582961278977,f5e29d05737548b6b739618cb3c4d37f,,,POINT (6.516499826425177 3.3872673442080536),,,,false,,,false,CASH,,false,
2025-10-25 20:31:23.466,2025-10-25 20:31:38.553,"53914297b1724e799302edeb893d5515",gXPxdHYCcHbcl7MdsIoFK29AIEf2,1065941583869181953,f5e29d05737548b6b739618cb3c4d37f,,,POINT (51.51942 0.11547),,,,false,,ARTISAN_MATCHED,false,CARD,,false,
2025-07-23 00:20:27.801,,"53a360ab64e74d4e85bd56e752f0350b",gXPxdHYCcHbcl7MdsIoFK29AIEf2,1065941583869181953,,,,POINT (51.51942378774427 0.109242609300375),,,,false,,,false,CARD,,false,
2025-07-10 20:00:29.764,,"540adde6fad747759b6a363e1fb12451",gXPxdHYCcHbcl7MdsIoFK29AIEf2,1065941583869181953,,,,POINT (51.51942570146671 0.1092426521638781),,,,false,,,false,CARD,,false,
2026-02-03 22:41:46.903,,"541b45185c8343d68825fac2bb53b5d2",gXPxdHYCcHbcl7MdsIoFK29AIEf2,1065941583869181953,,,,POINT (51.533768333333335 0.10831),,,,false,,PENDING,false,CARD,,false,
2025-07-07 23:38:32.573,,"5450dc861005445994c1fb5b8e443c51",gXPxdHYCcHbcl7MdsIoFK29AIEf2,1065941583869181953,,,,POINT (51.519425562859475 0.1092419752133327),,,,false,,,false,CARD,,false,
2025-07-10 19:30:09.185,,"545609daac6545a9bf6818ca3466d477",gXPxdHYCcHbcl7MdsIoFK29AIEf2,1065941583869181953,,,,POINT (51.51942570146671 0.1092426521638781),,,,false,,,false,CARD,,false,
2025-07-11 08:58:12.896,,"54e4404c12d0487db35d9f9f0232c356",gXPxdHYCcHbcl7MdsIoFK29AIEf2,1065941582961278977,,,,POINT (51.51944 0.109),,,,false,,,false,CARD,,false,
2025-05-26 23:02:23.199,,"55534caf6686490688e042e2d0b79675","5youRvOyZYdyYMlM8IAnEgg2Zf92",1065941583869181953,,,,POINT (51.51941840422709 0.1092369986904621),,,,false,,,false,CARD,,false,
2025-09-13 16:14:56.831,,"5592285a350f41bea1672e1199e34513",gXPxdHYCcHbcl7MdsIoFK29AIEf2,1065941583869181953,,,,POINT (51.51942 0.11547),,,,false,,,false,CARD,,false,
2025-09-09 17:58:07.003,,"55b87d0d55ab4086a662062557e667f7",gXPxdHYCcHbcl7MdsIoFK29AIEf2,1065941582961278977,,,,POINT (51.51942 0.11547),,,,false,,,false,CARD,,false,
2025-07-15 00:59:49.515,,"55e34dfdfb8a43ec9cb296ab7780ee53",gXPxdHYCcHbcl7MdsIoFK29AIEf2,1065941582961278977,,,,POINT (51.51942599382975 0.1092420254871573),,,,false,,,false,CARD,,false,
2025-07-10 20:18:51.377,,"5631df56fe99462dac39a3377defbb87",gXPxdHYCcHbcl7MdsIoFK29AIEf2,1065941582961278977,,,,POINT (51.51942570146671 0.1092426521638781),,,,false,,,false,CARD,,false,
2025-07-10 20:23:29.364,,"57212bd1dd7e48fe9dd9db34eef0ba7e",gXPxdHYCcHbcl7MdsIoFK29AIEf2,1065941583869181953,,,,POINT (51.51942570146671 0.1092426521638781),,,,false,,,false,CARD,,false,
2026-01-02 12:20:05.227,,"57284363e02541da97698be7a6efa286",gXPxdHYCcHbcl7MdsIoFK29AIEf2,1065941583869181953,,,,POINT (51.51942 0.11547),,,,false,,PENDING,false,CARD,Fix dinning chair and table,false,
2025-09-09 17:55:53.728,,"5747c7dbcb5149b995931a52779cb15d",gXPxdHYCcHbcl7MdsIoFK29AIEf2,1065941582961278977,,,,POINT (51.51942 0.11547),,,,false,,,false,CARD,,false,
2025-07-23 00:03:19.736,,"57c12aa88f7e40e1a7c09bfab0fa5491",gXPxdHYCcHbcl7MdsIoFK29AIEf2,1065941582961278977,,,,POINT (51.51942378774427 0.109242609300375),,,,false,,,false,CARD,,false,
2025-12-31 16:03:35.606,2025-12-31 16:04:20.323,"57c84fd843a54099a1ad648942c1490b",KIYKgL71o4ge1horPR08S7hCJN42,1065941583869181953,f5e29d05737548b6b739618cb3c4d37f,,,POINT (6.516499826425177 3.3872673442080536),,,,false,,ARTISAN_MATCHED,false,CASH,,false,
2026-02-03 22:22:11.660,,"57d681607e0243548c2465a511118089",gXPxdHYCcHbcl7MdsIoFK29AIEf2,1065941583869181953,,,,POINT (51.533768333333335 0.10831),,,,false,,PENDING,false,CARD,,false,
2025-12-31 16:03:18.346,,"583af0d655f545b78a001ac5490e7c7b",KIYKgL71o4ge1horPR08S7hCJN42,1065941583869181953,,,,POINT (6.516499826425177 3.3872673442080536),,,,false,,PENDING,false,CASH,,false,
2025-09-10 10:15:30.181,,"585da5be40ff4755b2d549a4118d53b6",gXPxdHYCcHbcl7MdsIoFK29AIEf2,1065941583869181953,,,,POINT (51.51941313883042 0.1092595658797715),,,,false,,,false,CARD,,false,
2025-09-07 16:55:02.799,,"58ca219277b243a1bb277b73afdfc26c",gXPxdHYCcHbcl7MdsIoFK29AIEf2,1065941583869181953,,,,POINT (37.4220936 -122.083922),,,,false,,,false,CARD,,false,
2025-05-07 23:10:14.321,,"591c1d22b9d44fb4972bdf9a2ae5192a",xcs5GzKUulZjKB6rHZCEFR8Zm903,1065941582961278977,,,,POINT (51.51941364451843 0.1092384496380315),,,,false,,,false,CARD,,false,
2025-07-23 01:56:39.264,,"594ffec4a6a84e93a0a6e6d1642bd34d",gXPxdHYCcHbcl7MdsIoFK29AIEf2,1065941583869181953,,,,POINT (51.51942378774427 0.109242609300375),,,,false,,,false,CARD,,false,
2025-12-31 15:59:22.779,,"5953a1aa729b47d29abe3c2514248d79",KIYKgL71o4ge1horPR08S7hCJN42,1065941583869181953,,,,POINT (6.516499826425177 3.3872673442080536),,,,false,,PENDING,false,CASH,,false,
2025-09-29 21:05:56.458,,"5971c6cc0bfb4f1b83e3eb4ddb975301",gXPxdHYCcHbcl7MdsIoFK29AIEf2,1065941582961278977,,,,POINT (51.51940149301161 0.1092233207890071),,,,false,,,false,CARD,,false,
2025-07-09 23:11:06.590,,"5b17d930b035463280fc5ce1d0585954",gXPxdHYCcHbcl7MdsIoFK29AIEf2,1065941582961278977,,,,POINT (51.51942570146671 0.1092426521638781),,,,false,,,false,CARD,,false,
2025-07-23 01:02:50.601,,"5b34db34c8544c329afd79043307f605",gXPxdHYCcHbcl7MdsIoFK29AIEf2,1065941582961278977,,,,POINT (51.51942378774427 0.109242609300375),,,,false,,,false,CARD,,false,
2025-05-26 19:29:38.318,,"5b9101a6a4794140a4aaafeee8bee87f","5youRvOyZYdyYMlM8IAnEgg2Zf92",1065941582961278977,,,,POINT (51.51941840422709 0.1092369986904621),,,,false,,,false,CARD,,false,
2025-05-27 15:38:15.878,,"5bcc15650c90477cb66e07c7c9f7ca52","5youRvOyZYdyYMlM8IAnEgg2Zf92",1065941583869181953,,,,POINT (51.51941633009691 0.1092347617283519),,,,false,,,false,CARD,,false,
2026-02-03 21:31:24.995,2026-02-03 21:33:00.311,"5c858caca66f44ccbf2b74bb6ae3bceb",fMeBU1HTAyczOG8IbAJ8eYLnbTi2,1065941583869181953,f5e29d05737548b6b739618cb3c4d37f,,,POINT (6.516499826425177 3.3872673442080536),,,,false,,ARTISAN_MATCHED,false,CASH,,false,
2025-07-14 22:39:34.675,,"5cb65562f5d043c0bbb7997e8d71cdfa",gXPxdHYCcHbcl7MdsIoFK29AIEf2,1065941583869181953,,,,POINT (51.51942599382975 0.1092420254871573),,,,false,,,false,CARD,,false,
2025-07-23 10:55:45.510,,"5e564b8a14ac49008bf21c7b73d967b1",gXPxdHYCcHbcl7MdsIoFK29AIEf2,1065941583869181953,,,,POINT (51.51942378774427 0.109242609300375),,,,false,,,false,CARD,,false,
2025-07-23 11:12:30.620,,"5e8e363e5a1a43c494d710865f2d04e0",gXPxdHYCcHbcl7MdsIoFK29AIEf2,1065941583869181953,,,,POINT (51.51942378774427 0.109242609300375),,,,false,,,false,CARD,,false,
2025-05-26 19:27:33.276,,"5ebd3efe0c214db482b225c438b775c9","5youRvOyZYdyYMlM8IAnEgg2Zf92",1065941582961278977,,,,POINT (51.51941840422709 0.1092369986904621),,,,false,,,false,CARD,,false,
2025-09-09 17:57:34.240,,"5f163a3a1d4c4b88ae71b2d40f1dc0e7",gXPxdHYCcHbcl7MdsIoFK29AIEf2,1065941582961278977,,,,POINT (51.51942 0.11547),,,,false,,,false,CARD,,false,
2025-07-23 22:27:23.662,,"5f4949728fe142eb951de12d4aca2117",gXPxdHYCcHbcl7MdsIoFK29AIEf2,1065941582961278977,,,,POINT (51.51942334361081 0.1092422452904198),,,,false,,,false,CARD,,false,
2025-10-13 18:11:16.069,2025-10-13 18:13:11.730,"5f9fe593e18b4c3d9bb9d90149d9fb91",fMeBU1HTAyczOG8IbAJ8eYLnbTi2,1065941582961278977,f5e29d05737548b6b739618cb3c4d37f,,,POINT (6.516499826425177 3.3872673442080536),"426d31e7d8fc43ccaceca9d73f94c3a8",,,false,NEGOTIATION,IN_PROGRESS,true,CASH,,false,
2025-09-16 18:58:39.138,2025-09-16 18:59:03.675,"5fce46008d9a43fdac0f4c0cc8a8df7a",gXPxdHYCcHbcl7MdsIoFK29AIEf2,1065941583869181953,f5e29d05737548b6b739618cb3c4d37f,,,POINT (51.51942 0.11547),,,,false,,,false,CARD,Fix broken dinning table and center table,false,
2025-07-11 08:55:19.887,,"6003216855c1433c996f02eef2814e0d",gXPxdHYCcHbcl7MdsIoFK29AIEf2,1065941582961278977,,,,POINT (51.51944 0.109),,,,false,,,false,CARD,,false,
2025-07-08 16:05:36.943,,"61110839956244e8868359895c16bcbc",gXPxdHYCcHbcl7MdsIoFK29AIEf2,1065941583869181953,,,,POINT (51.51944 0.109),,,,false,,,false,CARD,,false,
2025-07-23 12:41:16.853,,"616516325b5741e1b14d808dd07629b0",gXPxdHYCcHbcl7MdsIoFK29AIEf2,1065941582961278977,,,,POINT (51.51942378774427 0.109242609300375),,,,false,,,false,CARD,,false,
2026-01-02 10:30:26.217,,"627322667899472cadee281188595e64",gXPxdHYCcHbcl7MdsIoFK29AIEf2,1065941582961278977,,,,POINT (51.51942 0.11547),,,,false,,PENDING,false,CARD,Testing Push Notifications ,false,
2026-02-03 18:56:45.503,,"62b13bd52e304656895df02dc461af20",KIYKgL71o4ge1horPR08S7hCJN42,1065941582961278977,,,,POINT (51.51942 0.11547),,,,false,,PENDING,false,CARD,Hello Lambo,false,
2025-07-14 20:55:54.515,,"62b3048f6b0b454f81405eebb171eee2",gXPxdHYCcHbcl7MdsIoFK29AIEf2,1065941582961278977,,,,POINT (51.51942599382975 0.1092420254871573),,,,false,,,false,CARD,,false,
2025-07-15 00:52:04.131,,"62d0023395dd48c1ad9a7bec64c42895",gXPxdHYCcHbcl7MdsIoFK29AIEf2,1065941582961278977,,,,POINT (51.51942599382975 0.1092420254871573),,,,false,,,false,CARD,,false,
2025-08-20 10:20:58.109,2025-08-20 10:21:14.338,"632193f0dca74dc6bf368cf11fbaf241",gXPxdHYCcHbcl7MdsIoFK29AIEf2,1065941583869181953,f5e29d05737548b6b739618cb3c4d37f,,,POINT (51.519417588643904 0.1092498316127541),,,,false,,,false,CARD,,false,
2025-07-10 20:24:43.730,,"63bbdb5705de4c67b53fc62f520ad16b",gXPxdHYCcHbcl7MdsIoFK29AIEf2,1065941583869181953,,,,POINT (51.51942570146671 0.1092426521638781),,,,false,,,false,CARD,,false,
2025-07-23 10:54:28.287,,"63d32378b437439387ece03fcb5b3503",gXPxdHYCcHbcl7MdsIoFK29AIEf2,1065941582961278977,,,,POINT (51.51944734938503 0.1093051069614633),,,,false,,,false,CARD,,false,
2025-12-30 02:35:07.676,2025-12-30 02:35:22.177,"640cc2df3e7e4e059ce3f79214e41e31",fMeBU1HTAyczOG8IbAJ8eYLnbTi2,1065941583869181953,f5e29d05737548b6b739618cb3c4d37f,,,POINT (6.516499826425177 3.3872673442080536),,,,false,,ARTISAN_MATCHED,false,CASH,,false,
2025-07-23 12:20:01.244,,"6448cd9f87374e8a9d2f398b230b5304",gXPxdHYCcHbcl7MdsIoFK29AIEf2,1065941582961278977,,,,POINT (51.51942378774427 0.109242609300375),,,,false,,,false,CARD,,false,
2025-07-11 19:00:43.086,,"6486de3e561d4940a0327118e7811a50",gXPxdHYCcHbcl7MdsIoFK29AIEf2,1065941583869181953,,,,POINT (51.5194349354228 0.1092679075892257),,,,false,,,false,CARD,,false,
2025-05-27 15:30:21.935,,"64b0ff178866422697aaae7e78961c58","5youRvOyZYdyYMlM8IAnEgg2Zf92",1065941582961278977,,,,POINT (51.51941633009691 0.1092347617283519),,,,false,,,false,CARD,,false,
2025-07-09 16:58:55.163,,"64fb16e31a6f4ac2bbbed7bc86c82142",gXPxdHYCcHbcl7MdsIoFK29AIEf2,1065941582961278977,,,,POINT (51.51942623389062 0.1092424201034406),,,,false,,,false,CARD,,false,
2025-07-10 20:16:32.745,,"656e08bf1631455fb71897586ceaad69",gXPxdHYCcHbcl7MdsIoFK29AIEf2,1065941583869181953,,,,POINT (51.51942570146671 0.1092426521638781),,,,false,,,false,CARD,,false,
2025-07-23 18:09:45.403,,"65a9652afbff48149e4ab37fa76575d8",gXPxdHYCcHbcl7MdsIoFK29AIEf2,1065941582961278977,,,,POINT (51.51942378774427 0.109242609300375),,,,false,,,false,CARD,,false,
2026-02-03 19:17:10.482,,"65bb9498d10e41db87ba8aec2c5b8edb",gXPxdHYCcHbcl7MdsIoFK29AIEf2,1065941583869181953,,,,POINT (37.421998333333335 -122.084),,,,false,,PENDING,false,CARD,,false,
2025-09-21 22:32:28.273,2025-09-21 22:32:45.608,"65fd6d9f896240b28ad168583f5d4261",KIYKgL71o4ge1horPR08S7hCJN42,1065941583869181953,f5e29d05737548b6b739618cb3c4d37f,,,POINT (37.4212162 -122.0828568),,,,false,,,false,CARD,,false,
2025-07-23 01:46:33.435,,"673ff67fc5b2489fa5a6278aa51b7870",gXPxdHYCcHbcl7MdsIoFK29AIEf2,1065941583869181953,,,,POINT (51.51942378774427 0.109242609300375),,,,false,,,false,CARD,,false,
2026-01-02 14:45:10.268,,"679d3d1d5e114628a26115f0c9eded6f",KIYKgL71o4ge1horPR08S7hCJN42,1065941583869181953,,,,POINT (6.516499826425177 3.3872673442080536),,,,false,,PENDING,false,CASH,,false,
2025-07-03 17:06:07.333,,"67d0355d47644bedb663543b9e679d76",gXPxdHYCcHbcl7MdsIoFK29AIEf2,1065941582961278977,,,,POINT (51.548683 0.1276344),,,,false,,,false,CARD,,false,
2025-12-30 00:47:51.660,2025-12-30 00:48:50.923,"67e73e9c69f74233b645783a2396daa9",fMeBU1HTAyczOG8IbAJ8eYLnbTi2,1065941583869181953,f5e29d05737548b6b739618cb3c4d37f,,,POINT (6.516499826425177 3.3872673442080536),,,,false,,ARTISAN_MATCHED,false,CASH,,false,
2025-05-27 15:37:05.980,,"688ba91eb0834fec9de81f7896838f3d","5youRvOyZYdyYMlM8IAnEgg2Zf92",1065941583869181953,,,,POINT (51.51941633009691 0.1092347617283519),,,,false,,,false,CARD,,false,
2026-02-04 14:02:21.858,,"68bcee5c4c084596b1339bc08e1dce17",gXPxdHYCcHbcl7MdsIoFK29AIEf2,1065941583869181953,,,,POINT (51.51942 0.11547),,,,false,,PENDING,false,CARD,,false,
2025-09-09 17:30:13.381,,"68c172c8a8c94c1481fde2840abba44f",gXPxdHYCcHbcl7MdsIoFK29AIEf2,1065941582961278977,,,,POINT (51.51942 0.11547),,,,false,,,false,CARD,,false,
2026-01-02 10:33:14.334,,"6903c63bb0754591b20f29b5169da23a",gXPxdHYCcHbcl7MdsIoFK29AIEf2,1065941583869181953,,,,POINT (51.51942 0.11547),,,,false,,PENDING,false,CARD,Testing Push Notifications ,false,
2026-01-02 14:44:05.695,,"69167e6ccc5f463880db7004b4a86eef",KIYKgL71o4ge1horPR08S7hCJN42,1065941583869181953,,,,POINT (6.516499826425177 3.3872673442080536),,,,false,,PENDING,false,CASH,,false,
2025-08-20 09:39:43.764,2025-08-20 09:39:57.474,"69480e5943bc4097b32288a740e92a14",gXPxdHYCcHbcl7MdsIoFK29AIEf2,1065941583869181953,f5e29d05737548b6b739618cb3c4d37f,,,POINT (51.519417588643904 0.1092498316127541),,,,false,,,false,CARD,,false,
2025-09-20 02:29:51.243,2025-09-20 02:30:30.672,"695872896c784a1286056d0253561a0a",gXPxdHYCcHbcl7MdsIoFK29AIEf2,1065941585638785025,f5e29d05737548b6b739618cb3c4d37f,,,POINT (37.4220936 -122.083922),,,,false,,,false,CARD,,false,
2025-08-13 22:28:08.176,,"69d3ee4f4d0e4efa8e1ffc40943a9362",gXPxdHYCcHbcl7MdsIoFK29AIEf2,1065941583869181953,,,,POINT (51.51941920106144 0.1092485525049524),,,,false,,,false,CARD,,false,
2025-09-10 17:20:46.778,,"6a6c35d9ca574767a61b170fc6206443",gXPxdHYCcHbcl7MdsIoFK29AIEf2,1065941583869181953,,,,POINT (51.51941313883042 0.1092595658797715),,,,false,,,false,CARD,,false,
2025-09-09 18:07:29.947,,"6acbbbdad3ad4231aaf8fab4897fd6c7",gXPxdHYCcHbcl7MdsIoFK29AIEf2,1065941582961278977,,,,POINT (51.51942 0.11547),,,,false,,,false,CARD,,false,
2025-10-13 15:03:09.744,2025-10-13 16:34:18.597,"6ad0af41b4be49e083ffadf77e8c847e",fMeBU1HTAyczOG8IbAJ8eYLnbTi2,1065941582961278977,f5e29d05737548b6b739618cb3c4d37f,,,POINT (6.516499826425177 3.3872673442080536),"3d007f68dbbc47fb8d88885d7294a2cf",,,false,NEGOTIATION,IN_PROGRESS,true,CASH,,false,
2025-09-09 17:32:18.950,,"6b3b8130f12541c7876952c6fa6a3894",gXPxdHYCcHbcl7MdsIoFK29AIEf2,1065941582961278977,,,,POINT (51.51942 0.11547),,,,false,,,false,CARD,,false,
2025-07-23 00:17:18.638,,"6b3e91a73f0f4daeb4f47395a2d7b2f8",gXPxdHYCcHbcl7MdsIoFK29AIEf2,1065941583869181953,,,,POINT (51.51940784062098 0.1092321906945967),,,,false,,,false,CARD,,false,
2025-07-22 23:55:44.161,,"6b404d527adf44718dec4e6d61046b4e",gXPxdHYCcHbcl7MdsIoFK29AIEf2,1065941583869181953,,,,POINT (51.51942378774427 0.109242609300375),,,,false,,,false,CARD,,false,
2025-08-20 10:04:28.297,2025-08-20 10:04:41.903,"6bd4a73c67514703941ce3fa9049a5d1",gXPxdHYCcHbcl7MdsIoFK29AIEf2,1065941583869181953,f5e29d05737548b6b739618cb3c4d37f,,,POINT (37.4220936 -122.083922),,,,false,,,false,CARD,,false,
2025-07-15 01:07:08.200,,"6c6e63358fa04129ba778a61eab15e2c",gXPxdHYCcHbcl7MdsIoFK29AIEf2,1065941583869181953,,,,POINT (51.51942599382975 0.1092420254871573),,,,false,,,false,CARD,,false,
2025-08-19 00:06:27.703,,"6cca5a044cb746e796335c9dcdd5e394",gXPxdHYCcHbcl7MdsIoFK29AIEf2,1065941583869181953,,,,POINT (37.4220936 -122.083922),,,,false,,,false,CARD,,false,
2025-08-27 17:27:05.244,2025-08-27 17:27:22.424,"6d11bc3671da444283f3fbbba6e43557",gXPxdHYCcHbcl7MdsIoFK29AIEf2,1065941583869181953,f5e29d05737548b6b739618cb3c4d37f,,,POINT (51.51942 0.11547),,,,false,,,false,CARD,,false,
2025-07-23 01:11:51.764,,"6d95f56a0be64a29ad829dd6560ae273",gXPxdHYCcHbcl7MdsIoFK29AIEf2,1065941582961278977,,,,POINT (51.51942378774427 0.109242609300375),,,,false,,,false,CARD,,false,
2025-08-18 12:28:33.297,,"6da39e6b3928402283e9b0d9803e0336",gXPxdHYCcHbcl7MdsIoFK29AIEf2,1065941583869181953,,,,POINT (51.51942 0.11547),,,,false,,,false,CARD,,false,
2025-07-09 23:16:18.880,,"6daf9d350712497e833c263fa7e33088",gXPxdHYCcHbcl7MdsIoFK29AIEf2,1065941583869181953,,,,POINT (51.51942570146671 0.1092426521638781),,,,false,,,false,CARD,,false,
2025-09-09 17:35:06.696,,"6e5382f66ec64053bac60f17d70e02c7",gXPxdHYCcHbcl7MdsIoFK29AIEf2,1065941582961278977,,,,POINT (51.51942 0.11547),,,,false,,,false,CARD,,false,
2025-09-09 17:26:06.060,,"6ee462312478486caa1fafd5a155d966",gXPxdHYCcHbcl7MdsIoFK29AIEf2,1065941582961278977,,,,POINT (51.51942 0.11547),,,,false,,,false,CARD,,false,
2025-08-20 09:52:16.909,2025-08-20 09:52:31.917,"6f31e48f70c44b11b19f1300f0174884",gXPxdHYCcHbcl7MdsIoFK29AIEf2,1065941583869181953,f5e29d05737548b6b739618cb3c4d37f,,,POINT (37.4220936 -122.083922),,,,false,,,false,CARD,,false,
2025-07-14 23:17:14.726,,"6fe6c997347f4a79aaaa59c3c6b1ac6a",gXPxdHYCcHbcl7MdsIoFK29AIEf2,1065941583869181953,,,,POINT (51.51942599382975 0.1092420254871573),,,,false,,,false,CARD,,false,
2025-07-09 22:57:01.005,,"70067d8080254d9292b032825041acb3",gXPxdHYCcHbcl7MdsIoFK29AIEf2,1065941583869181953,,,,POINT (51.51942570146671 0.1092426521638781),,,,false,,,false,CARD,,false,
2025-09-10 10:00:35.615,,"7076116f05ff4d25a3ead8ead2ca978a",gXPxdHYCcHbcl7MdsIoFK29AIEf2,1065941583869181953,,,,POINT (51.51941313883042 0.1092595658797715),,,,false,,,false,CARD,,false,
2025-08-19 00:04:53.857,,"70c1c7b5038f4287baf70cfc00c94179",gXPxdHYCcHbcl7MdsIoFK29AIEf2,1065941583869181953,,,,POINT (37.4220936 -122.083922),,,,false,,,false,CARD,,false,
2025-12-30 02:06:47.902,2025-12-30 02:07:14.645,"71197bf1b2714e97bdcffa1533151cd6",fMeBU1HTAyczOG8IbAJ8eYLnbTi2,1065941583869181953,f5e29d05737548b6b739618cb3c4d37f,,,POINT (6.516499826425177 3.3872673442080536),,,,false,,ARTISAN_MATCHED,false,CASH,,false,
2025-07-09 22:14:40.071,,"717174a7e9f8441bb8a4c7a2a5bd416e",gXPxdHYCcHbcl7MdsIoFK29AIEf2,1065941583869181953,,,,POINT (51.51942570146671 0.1092426521638781),,,,false,,,false,CARD,,false,
2025-11-26 00:08:30.687,,"71b6d3f5ae844e9ca7e4f2c21e824d5b",KIYKgL71o4ge1horPR08S7hCJN42,1065941582961278977,,,,POINT (51.51942679331631 0.1092620288710309),,,,false,,PENDING,false,CARD,,false,
2025-09-21 22:33:09.986,2025-09-21 22:33:24.424,"71c99011e96e4c36850d613fe9a5126e",KIYKgL71o4ge1horPR08S7hCJN42,1065941583869181953,f5e29d05737548b6b739618cb3c4d37f,,,POINT (37.4212162 -122.0828568),,,,false,,,false,CARD,,false,
2025-12-25 15:06:45.884,,"71e9ed66bccc466d99576129ae87a8cd",gXPxdHYCcHbcl7MdsIoFK29AIEf2,1065941582961278977,,,,POINT (51.519428851707886 0.1092688316944707),,,,false,,PENDING,false,CARD,Test,false,
2025-07-23 00:36:48.495,,"71f2d3f20d594961b2ace9edb3c53a5e",gXPxdHYCcHbcl7MdsIoFK29AIEf2,1065941583869181953,,,,POINT (51.51942378774427 0.109242609300375),,,,false,,,false,CARD,,false,
2025-07-14 21:43:08.203,,"7235ef13abfa4646868912db2f91f702",gXPxdHYCcHbcl7MdsIoFK29AIEf2,1065941583869181953,,,,POINT (51.51942599382975 0.1092420254871573),,,,false,,,false,CARD,,false,
2025-07-09 22:15:44.846,,"72706f00246643afa53105e2d10da3e0",gXPxdHYCcHbcl7MdsIoFK29AIEf2,1065941582961278977,,,,POINT (51.51942570146671 0.1092426521638781),,,,false,,,false,CARD,,false,
2025-07-09 23:11:40.741,,"72c16651f1d0468c9e14e181e4be217a",gXPxdHYCcHbcl7MdsIoFK29AIEf2,1065941583869181953,,,,POINT (51.51942570146671 0.1092426521638781),,,,false,,,false,CARD,,false,
2025-12-30 15:37:16.054,2025-12-30 15:37:29.153,"72ea84efd3324fac8ab30467cc7721f7",fMeBU1HTAyczOG8IbAJ8eYLnbTi2,1065941583869181953,f5e29d05737548b6b739618cb3c4d37f,,,POINT (6.516499826425177 3.3872673442080536),,,,false,,ARTISAN_MATCHED,false,CASH,,false,
2025-08-20 19:53:10.345,,"7310d86ca0ca4fa6893737549672258a",gXPxdHYCcHbcl7MdsIoFK29AIEf2,1065941582961278977,,,,POINT (37.4220936 -122.083922),,,,false,,,false,CARD,,false,
2025-09-09 18:05:17.446,,"736328214fcb4d53a7a4b1372a45870e",gXPxdHYCcHbcl7MdsIoFK29AIEf2,1065941582961278977,,,,POINT (51.51942 0.11547),,,,false,,,false,CARD,,false,
2025-07-08 00:20:34.644,,"73ffa8a230204d5fa7325cbfc1ae61a3",gXPxdHYCcHbcl7MdsIoFK29AIEf2,1065941583869181953,,,,POINT (51.51943175286755 0.1090866098883866),,,,false,,,false,CARD,,false,
2025-09-29 16:15:19.108,,"741165faf50e4257a05f23ebc901db69",KIYKgL71o4ge1horPR08S7hCJN42,1065941591465197569,,,,POINT (51.51942753489684 0.1091653098417087),,,,false,,,false,CARD,,false,
2025-06-14 03:53:46.181,,"74a0032fc3f649d4a6c45cdfa53965af",KIYKgL71o4ge1horPR08S7hCJN42,1065941582961278977,,,,POINT (6.518139822341671 3.3995335371527604),,,,false,,,false,CASH,,false,
2025-07-23 17:38:21.922,,"74bc8ba44ca6467f9196bee5ee07f0b2",gXPxdHYCcHbcl7MdsIoFK29AIEf2,1065941582961278977,,,,POINT (51.51942378774427 0.109242609300375),,,,false,,,false,CARD,,false,
2025-07-23 11:50:26.886,,"75311c3e99fa4730b5f78a03a675f0ac",gXPxdHYCcHbcl7MdsIoFK29AIEf2,1065941583869181953,,,,POINT (51.51942378774427 0.109242609300375),,,,false,,,false,CARD,,false,
2025-12-30 00:44:24.842,,"753972d4879645e0a3b689ec07d1403d",fMeBU1HTAyczOG8IbAJ8eYLnbTi2,1065941582961278977,,,,POINT (6.516499826425177 3.3872673442080536),,,,false,,PENDING,false,CASH,,false,
2025-12-30 00:45:54.264,,"757f93c47e5547aa9521d8b7c405ac83",fMeBU1HTAyczOG8IbAJ8eYLnbTi2,1065941582961278977,,,,POINT (6.516499826425177 3.3872673442080536),,,,false,,PENDING,false,CASH,,false,
2025-07-15 00:08:54.761,,"7592c028d7aa41d6aaa75f3788dd56a4",gXPxdHYCcHbcl7MdsIoFK29AIEf2,1065941583869181953,,,,POINT (51.51942599382975 0.1092420254871573),,,,false,,,false,CARD,,false,
2025-07-08 16:36:44.286,,"76627e83340d40c3aa73640e710dbd6e",gXPxdHYCcHbcl7MdsIoFK29AIEf2,1065941583869181953,,,,POINT (51.51944 0.109),,,,false,,,false,CARD,,false,
2025-12-30 02:20:36.300,2025-12-30 02:20:48.479,"767bfdab984a498fbe7b12b9709900b6",fMeBU1HTAyczOG8IbAJ8eYLnbTi2,1065941583869181953,f5e29d05737548b6b739618cb3c4d37f,,,POINT (6.516499826425177 3.3872673442080536),,,,false,,ARTISAN_MATCHED,false,CASH,,false,
2025-05-07 23:13:52.759,,"76b24d4291fc423f8d31a625a84d2464",xcs5GzKUulZjKB6rHZCEFR8Zm903,1065941591465197569,,,,POINT (51.51941364451843 0.1092384496380315),,,,false,,,false,CARD,,false,
2026-02-05 23:08:35.970,2026-02-05 23:11:03.027,"76d1ff7d9d9f448ba68d77fe4c3a4a7c",gXPxdHYCcHbcl7MdsIoFK29AIEf2,1065941583869181953,f5e29d05737548b6b739618cb3c4d37f,,,POINT (51.51942 0.11547),,,,false,,ARTISAN_MATCHED,false,CARD,FIx broken sit,false,
2025-12-31 09:35:04.328,2025-12-31 09:35:17.272,"77c0a1732e05451ea9e822a39a1d3ceb",gXPxdHYCcHbcl7MdsIoFK29AIEf2,1065941583869181953,f5e29d05737548b6b739618cb3c4d37f,,,POINT (51.519421848209056 0.1092612258643699),,,,false,,ARTISAN_MATCHED,false,CARD,"Fix center table and dinning chair. I have some tools you can make use of, hammer nails and the likes",false,
2026-02-04 12:37:49.832,,"77e3ada486e74555b8bf47120f2438d7",gXPxdHYCcHbcl7MdsIoFK29AIEf2,1065941583869181953,,,,POINT (51.533768333333335 0.10831),,,,false,,PENDING,false,CARD,,false,
2026-01-02 14:38:20.531,,"783ca3eab65b4a5e9733b0ccc33a51f2",KIYKgL71o4ge1horPR08S7hCJN42,1065941583869181953,,,,POINT (6.516499826425177 3.3872673442080536),,,,false,,PENDING,false,CASH,,false,
2025-07-14 22:54:33.694,,"785513cf74054547beeb7f7829a7639c",gXPxdHYCcHbcl7MdsIoFK29AIEf2,1065941583869181953,,,,POINT (51.51942599382975 0.1092420254871573),,,,false,,,false,CARD,,false,
2025-12-30 14:44:39.529,2025-12-30 14:46:40.609,"78955bebaa7245cda05f64b298f0f79a",KIYKgL71o4ge1horPR08S7hCJN42,1065941583869181953,f5e29d05737548b6b739618cb3c4d37f,,,POINT (6.516499826425177 3.3872673442080536),,,,false,,ARTISAN_MATCHED,false,CASH,,false,
2025-07-23 00:37:11.447,,"78dede614a1d458da0d70dbe62ea9971",gXPxdHYCcHbcl7MdsIoFK29AIEf2,1065941582961278977,,,,POINT (51.51942378774427 0.109242609300375),,,,false,,,false,CARD,,false,
2026-02-04 12:20:22.940,,"78f955d48e214fa4a8c6ae07445dc9e4",gXPxdHYCcHbcl7MdsIoFK29AIEf2,1065941583869181953,,,,POINT (51.533768333333335 0.10831),,,,false,,PENDING,false,CARD,,false,
2025-08-13 22:21:36.131,,"79101846ba0d4ae5a5bcaa4c5b1f17e2",gXPxdHYCcHbcl7MdsIoFK29AIEf2,1065941583869181953,,,,POINT (51.51941920106144 0.1092485525049524),,,,false,,,false,CARD,,false,
2025-09-13 15:55:39.089,,"79d76c3647674a39ad5d54ef762b69ba",gXPxdHYCcHbcl7MdsIoFK29AIEf2,1065941583869181953,,,,POINT (51.51942 0.11547),,,,false,,,false,CARD,,false,
2025-09-25 09:42:33.333,2025-09-25 09:42:53.028,"79eb52f0c6fc4c73b1a3f47996dd7a64",gXPxdHYCcHbcl7MdsIoFK29AIEf2,1065941583869181953,f5e29d05737548b6b739618cb3c4d37f,,,POINT (37.4212162 -122.0828568),,,,false,,,false,CARD,,false,
2026-01-02 14:47:17.068,,"7a05dbbc804b4836acc0fc091910bcbb",KIYKgL71o4ge1horPR08S7hCJN42,1065941583869181953,,,,POINT (6.516499826425177 3.3872673442080536),,,,false,,PENDING,false,CASH,,false,
2025-09-13 18:53:05.230,,"7a555939381d44608d5561ef48a06ee4",gXPxdHYCcHbcl7MdsIoFK29AIEf2,1065941585638785025,,,,POINT (51.51942 0.11547),,,,false,,,false,CARD,,false,
2025-07-09 22:16:35.295,,"7a635911f7284af8b41f93481f28c85f",gXPxdHYCcHbcl7MdsIoFK29AIEf2,1065941583869181953,,,,POINT (51.51942570146671 0.1092426521638781),,,,false,,,false,CARD,,false,
2025-09-10 10:20:12.056,,"7b21713abc2d4d2194bb281d89df87b8",gXPxdHYCcHbcl7MdsIoFK29AIEf2,1065941583869181953,,,,POINT (51.51941313883042 0.1092595658797715),,,,false,,,false,CARD,,false,
2025-09-13 15:45:20.859,,"7c128d4e3802464ea8c50c91f95c3601",gXPxdHYCcHbcl7MdsIoFK29AIEf2,1065941583869181953,,,,POINT (51.51942 0.11547),,,,false,,,false,CARD,,false,
2025-08-19 00:39:50.755,,"7d233df6bd5a400391dbca5c68138814",gXPxdHYCcHbcl7MdsIoFK29AIEf2,1065941583869181953,,,,POINT (51.51941824016977 0.109250370863331),,,,false,,,false,CARD,,false,
2025-08-20 19:54:44.039,,"7d56386a814f4ab69918c424e3f00404",gXPxdHYCcHbcl7MdsIoFK29AIEf2,1065941583869181953,,,,POINT (37.4220936 -122.083922),,,,false,,,false,CARD,,false,
2025-07-23 00:49:31.078,,"7d71bcdcdef7454b9201120865749b39",gXPxdHYCcHbcl7MdsIoFK29AIEf2,1065941583869181953,,,,POINT (51.51942378774427 0.109242609300375),,,,false,,,false,CARD,,false,
2025-07-14 22:56:11.368,,"7d8a1a3a5afd4120a2b437318a0c0551",gXPxdHYCcHbcl7MdsIoFK29AIEf2,1065941583869181953,,,,POINT (51.51942599382975 0.1092420254871573),,,,false,,,false,CARD,,false,
2025-12-30 00:46:49.431,,"7d91f23004de4a6eb39879215cdb08f4",fMeBU1HTAyczOG8IbAJ8eYLnbTi2,1065941583869181953,,,,POINT (6.516499826425177 3.3872673442080536),,,,false,,PENDING,false,CASH,,false,
2025-07-23 01:41:37.664,,"7daf656aba6d48e9a8fd24af2b3f4444",gXPxdHYCcHbcl7MdsIoFK29AIEf2,1065941582961278977,,,,POINT (51.51942378774427 0.109242609300375),,,,false,,,false,CARD,,false,
2025-07-11 00:42:42.500,,"7db9244060524d3ea4955faaf16a9f31",gXPxdHYCcHbcl7MdsIoFK29AIEf2,1065941582961278977,,,,POINT (51.51942592621681 0.1092427097060243),,,,false,,,false,CARD,,false,
2025-07-07 23:28:51.292,,"7e3e9626ddf340d382d735b0a26b771a",gXPxdHYCcHbcl7MdsIoFK29AIEf2,1065941583869181953,,,,POINT (51.519425562859475 0.1092419752133327),,,,false,,,false,CARD,,false,
2025-07-23 11:17:36.628,,"7eb50b1024594e7e97109a9c4260325b",gXPxdHYCcHbcl7MdsIoFK29AIEf2,1065941582961278977,,,,POINT (51.51942378774427 0.109242609300375),,,,false,,,false,CARD,,false,
2025-05-26 19:59:10.955,,"7ed507ccd1fb4e29b6e7beee6d3af82d","5youRvOyZYdyYMlM8IAnEgg2Zf92",1065941582961278977,,,,POINT (51.51941840422709 0.1092369986904621),,,,false,,,false,CARD,,false,
2025-07-10 20:25:27.717,,"7edccf720da3425fabf397ad61c120cc",gXPxdHYCcHbcl7MdsIoFK29AIEf2,1065941583869181953,,,,POINT (51.51942570146671 0.1092426521638781),,,,false,,,false,CARD,,false,
2025-10-13 17:30:04.355,2025-10-13 17:31:03.072,"7ef07a01e59e4a699d5336f77ad75426",fMeBU1HTAyczOG8IbAJ8eYLnbTi2,1065941582961278977,f5e29d05737548b6b739618cb3c4d37f,,,POINT (6.516499826425177 3.3872673442080536),,,,false,,ARTISAN_ARRIVED,false,CASH,,false,
2025-07-23 12:01:23.123,,"7ef91c3c2333462087cad76a73f877d0",gXPxdHYCcHbcl7MdsIoFK29AIEf2,1065941582961278977,,,,POINT (51.51942378774427 0.109242609300375),,,,false,,,false,CARD,,false,
2025-05-26 17:29:03.572,,"7f3cb313df444b6d8b07d691cf001fce","5youRvOyZYdyYMlM8IAnEgg2Zf92",1065941582961278977,,,,POINT (51.51941621685526 0.1092354268728901),,,,false,,,false,CARD,,false,
2025-07-10 19:22:55.361,,"80099e7b51d04e22a9e749a87580b39e",gXPxdHYCcHbcl7MdsIoFK29AIEf2,1065941583869181953,,,,POINT (51.51942570146671 0.1092426521638781),,,,false,,,false,CARD,,false,
2025-07-24 18:16:43.356,,"806ac864cdb3458e91ce2f2794ffe1f6",gXPxdHYCcHbcl7MdsIoFK29AIEf2,1065941582961278977,,,,POINT (51.519423097463545 0.1092428720876799),,,,false,,,false,CARD,,false,
2025-08-13 22:17:49.118,,"807a406a94994f96a951a872a15a29a3",gXPxdHYCcHbcl7MdsIoFK29AIEf2,1065941583869181953,,,,POINT (51.51941920106144 0.1092485525049524),,,,false,,,false,CARD,,false,
2025-08-20 09:32:22.773,2025-08-20 09:32:43.450,"814e13afbbac4d01b3a51245d1163f7d",gXPxdHYCcHbcl7MdsIoFK29AIEf2,1065941583869181953,f5e29d05737548b6b739618cb3c4d37f,,,POINT (51.519417588643904 0.1092498316127541),,,,false,,,false,CARD,,false,
2025-07-23 11:18:42.136,,"8158b1dc2c1c496799293288c247d404",gXPxdHYCcHbcl7MdsIoFK29AIEf2,1065941583869181953,,,,POINT (51.51942378774427 0.109242609300375),,,,false,,,false,CARD,,false,
2025-07-14 23:02:36.372,,"81849b55ae7942caa6e170d132e61108",gXPxdHYCcHbcl7MdsIoFK29AIEf2,1065941583869181953,,,,POINT (51.51942599382975 0.1092420254871573),,,,false,,,false,CARD,,false,
2025-07-03 07:20:30.695,,"81f32b2fcbfd4f569a6b26b24cb88b1a",gXPxdHYCcHbcl7MdsIoFK29AIEf2,1065941582961278977,,,,POINT (51.548683 0.1276344),,,,false,,,false,CARD,,false,
2025-07-11 08:57:16.083,,"82678e98b8794d058a4bfa03c61e5c74",gXPxdHYCcHbcl7MdsIoFK29AIEf2,1065941582961278977,,,,POINT (51.51944 0.109),,,,false,,,false,CARD,,false,
2025-12-31 15:38:21.859,,"82769c8fa1d44daa908ee3d8673f89c1",KIYKgL71o4ge1horPR08S7hCJN42,1065941583869181953,,,,POINT (6.516499826425177 3.3872673442080536),,,,false,,PENDING,false,CASH,,false,
2025-08-18 12:29:21.172,,"82b1b963e4e7479db527bfe94bbfe212",gXPxdHYCcHbcl7MdsIoFK29AIEf2,1065941583869181953,,,,POINT (51.51942 0.11547),,,,false,,,false,CARD,,false,
2025-07-03 16:36:28.941,,"834100f9d8ef448bac12ec488b1fbfb3",gXPxdHYCcHbcl7MdsIoFK29AIEf2,1065941582961278977,,,,POINT (51.548683 0.1276344),,,,false,,,false,CARD,,false,
2025-08-13 22:27:36.559,,"837bfa9012d341c1ae272ef3a1443fbc",gXPxdHYCcHbcl7MdsIoFK29AIEf2,1065941583869181953,,,,POINT (51.51941920106144 0.1092485525049524),,,,false,,,false,CARD,,false,
2025-09-21 22:18:47.293,2025-09-21 22:19:22.086,"83ef858580384ed485abb8afb9e104f0",KIYKgL71o4ge1horPR08S7hCJN42,1065941582961278977,f5e29d05737548b6b739618cb3c4d37f,,,POINT (37.4212162 -122.0828568),,,,false,,,false,CARD,,false,
2025-09-13 18:37:02.778,,"843df100fa0c4a9a8945f07f79bde959",gXPxdHYCcHbcl7MdsIoFK29AIEf2,1065941583869181953,,,,POINT (51.51942 0.11547),,,,false,,,false,CARD,,false,
2025-07-08 16:19:59.613,,"848ccd175f8f4766b24d64fa7378915a",gXPxdHYCcHbcl7MdsIoFK29AIEf2,1065941583869181953,,,,POINT (51.51944 0.109),,,,false,,,false,CARD,,false,
2025-07-23 02:05:53.284,,"849b1603b6ac49d3996ec1392119f983",gXPxdHYCcHbcl7MdsIoFK29AIEf2,1065941582961278977,,,,POINT (51.51942378774427 0.109242609300375),,,,false,,,false,CARD,,false,
2026-01-03 11:04:00.849,,"84de4d64ab0e494983a0a5b40e472c57",gXPxdHYCcHbcl7MdsIoFK29AIEf2,1065941583869181953,,,,POINT (51.51942 0.11547),,,,false,,PENDING,false,CARD,Test booking,false,
2025-09-15 17:00:51.679,,"8503d105c5984404a8a4ff411aadb5ac",gXPxdHYCcHbcl7MdsIoFK29AIEf2,1065941582961278977,,,,POINT (51.51942 0.11547),,,,false,,,false,CARD,,false,
2025-07-23 13:18:36.094,,"859aa3f258784b6dac5791b753507510",gXPxdHYCcHbcl7MdsIoFK29AIEf2,1065941582961278977,,,,POINT (51.51942378774427 0.109242609300375),,,,false,,,false,CARD,,false,
2026-02-04 12:13:53.790,,"8609e25d8b854a889dfb76cad4a38975",gXPxdHYCcHbcl7MdsIoFK29AIEf2,1065941583869181953,,,,POINT (51.533768333333335 0.10831),,,,false,,PENDING,false,CARD,Just testing here.. Don't worry about it.. But make sure it works alright,false,
2025-07-22 23:44:39.715,,"862e09f93f874f1185102afb2a3e6008",gXPxdHYCcHbcl7MdsIoFK29AIEf2,1065941583869181953,,,,POINT (51.51940748392875 0.109233462098711),,,,false,,,false,CARD,,false,
2025-07-15 00:51:22.803,,"869f166f3df74302aeb4ddadd06b38e6",gXPxdHYCcHbcl7MdsIoFK29AIEf2,1065941582961278977,,,,POINT (51.51942599382975 0.1092420254871573),,,,false,,,false,CARD,,false,
2025-07-09 17:00:55.317,,"86a39fbd80d34ce4a22e6df8009e3c00",gXPxdHYCcHbcl7MdsIoFK29AIEf2,1065941582961278977,,,,POINT (51.51942623389062 0.1092424201034406),,,,false,,,false,CARD,,false,
2025-06-13 09:40:08.251,,"86c71022712e4ae08032703ba0cbabdb",gXPxdHYCcHbcl7MdsIoFK29AIEf2,1065941582961278977,,,,POINT (51.51942268116859 0.1092369723978484),,,,false,,,false,CARD,,false,
2025-08-20 19:53:33.210,,"86d42688d3ac4399bb5abaf93e09ceb6",gXPxdHYCcHbcl7MdsIoFK29AIEf2,1065941582961278977,,,,POINT (37.4220936 -122.083922),,,,false,,,false,CARD,,false,
2025-08-16 01:03:05.404,,"8728d42c17e74758a76b8ce6b38916d4",gXPxdHYCcHbcl7MdsIoFK29AIEf2,1065941591465197569,,,,POINT (51.51942 0.11547),,,,false,,,false,CARD,,false,
2025-12-31 15:57:42.124,,"872a207df31b4bf3956df33525d824c9",KIYKgL71o4ge1horPR08S7hCJN42,1065941583869181953,,,,POINT (6.516499826425177 3.3872673442080536),,,,false,,PENDING,false,CASH,,false,
2025-07-14 22:35:43.595,,"873b312dd13e4bac837af52e39822892",gXPxdHYCcHbcl7MdsIoFK29AIEf2,1065941583869181953,,,,POINT (51.51942599382975 0.1092420254871573),,,,false,,,false,CARD,,false,
2025-07-23 01:27:17.628,,"87892dd0455246679ff94ff6f6e72e1f",gXPxdHYCcHbcl7MdsIoFK29AIEf2,1065941583869181953,,,,POINT (51.51942378774427 0.109242609300375),,,,false,,,false,CARD,,false,
2025-07-09 22:13:37.740,,"87e67a8351cb438f83acc35b546cff4b",gXPxdHYCcHbcl7MdsIoFK29AIEf2,1065941583869181953,,,,POINT (51.51942570146671 0.1092426521638781),,,,false,,,false,CARD,,false,
2025-07-23 11:03:13.163,,"87e95c1f646943caade5cc9baa697ad6",gXPxdHYCcHbcl7MdsIoFK29AIEf2,1065941582961278977,,,,POINT (51.51942378774427 0.109242609300375),,,,false,,,false,CARD,,false,
2025-07-08 00:18:18.090,,"88df5380824c44ae891fa9f19c2dd5a5",gXPxdHYCcHbcl7MdsIoFK29AIEf2,1065941583869181953,,,,POINT (51.519444005046196 0.1091037388477732),,,,false,,,false,CARD,,false,
2025-07-15 00:22:22.883,,"88f5676e806c4cc88b62acec505af5a6",gXPxdHYCcHbcl7MdsIoFK29AIEf2,1065941582961278977,,,,POINT (51.51942599382975 0.1092420254871573),,,,false,,,false,CARD,,false,
2025-08-13 22:20:45.105,,"898bfccce59d40e891c113e89729fa88",gXPxdHYCcHbcl7MdsIoFK29AIEf2,1065941583869181953,,,,POINT (51.51941920106144 0.1092485525049524),,,,false,,,false,CARD,,false,
2025-07-23 11:42:38.256,,"89e36ece7b3a4dfcb50ce29e03c4835d",gXPxdHYCcHbcl7MdsIoFK29AIEf2,1065941582961278977,,,,POINT (51.51942378774427 0.109242609300375),,,,false,,,false,CARD,,false,
2025-08-18 12:29:43.711,,"89e95e8220054d868e430206f7ddfc7c",gXPxdHYCcHbcl7MdsIoFK29AIEf2,1065941582961278977,,,,POINT (51.51942 0.11547),,,,false,,,false,CARD,,false,
2025-07-07 23:44:13.927,,"8a42412450e7402492bbc12fca5e00e0",gXPxdHYCcHbcl7MdsIoFK29AIEf2,1065941583869181953,,,,POINT (51.519425562859475 0.1092419752133327),,,,false,,,false,CARD,,false,
2025-07-10 19:51:07.738,,"8a49f92e6d364cba8cfba6d1c6b4623b",gXPxdHYCcHbcl7MdsIoFK29AIEf2,1065941583869181953,,,,POINT (51.51942570146671 0.1092426521638781),,,,false,,,false,CARD,,false,
2025-08-13 22:14:19.096,,"8aa6348187154275b47d495331f06fa0",gXPxdHYCcHbcl7MdsIoFK29AIEf2,1065941583869181953,,,,POINT (51.51955832559558 0.1094804138591026),,,,false,,,false,CARD,,false,
2025-09-10 09:47:30.022,,"8aaaacb23f504863b46f350843dd732d",gXPxdHYCcHbcl7MdsIoFK29AIEf2,1065941583869181953,,,,POINT (51.51941313883042 0.1092595658797715),,,,false,,,false,CARD,,false,
2025-07-14 23:01:45.049,,"8ac0d19292654e1b8d0e12187ed01aec",gXPxdHYCcHbcl7MdsIoFK29AIEf2,1065941583869181953,,,,POINT (51.51942599382975 0.1092420254871573),,,,false,,,false,CARD,,false,
2025-09-10 16:18:00.870,,"8af0f62bee864d69a3d3a07b3bfac73d",gXPxdHYCcHbcl7MdsIoFK29AIEf2,1065941583869181953,,,,POINT (51.51941313883042 0.1092595658797715),,,,false,,,false,CARD,,false,
2025-07-11 00:16:49.396,,"8af81a69cbed4be4b80b5915b29c8760",gXPxdHYCcHbcl7MdsIoFK29AIEf2,1065941583869181953,,,,POINT (51.51942592621681 0.1092427097060243),,,,false,,,false,CARD,,false,
2025-07-10 23:59:43.815,,"8b13a56abdeb4c188339f819841f9b44",gXPxdHYCcHbcl7MdsIoFK29AIEf2,1065941583869181953,,,,POINT (51.51942592621681 0.1092427097060243),,,,false,,,false,CARD,,false,
2025-08-13 20:30:18.221,,"8bcc203bfba54f6a9517e17fc9b19078",gXPxdHYCcHbcl7MdsIoFK29AIEf2,1065941583869181953,,,,POINT (51.51941920106144 0.1092485525049524),,,,false,,,false,CARD,,false,
2025-07-11 00:26:45.726,,"8be0815255a64ea1a7ad5b28a1c7934b",gXPxdHYCcHbcl7MdsIoFK29AIEf2,1065941583869181953,,,,POINT (51.51942592621681 0.1092427097060243),,,,false,,,false,CARD,,false,
2025-09-24 21:57:23.015,2025-09-24 21:57:41.623,"8c523838ac124d8096a9e656c36824bc",gXPxdHYCcHbcl7MdsIoFK29AIEf2,1065941591465197569,f5e29d05737548b6b739618cb3c4d37f,,,POINT (37.4212162 -122.0828568),,,,false,,,false,CARD,,false,
2026-02-04 16:37:24.435,,"8ce12cb1f4654ca58ec376a6d5994617",gXPxdHYCcHbcl7MdsIoFK29AIEf2,1065941582961278977,,,,POINT (51.51942 0.11547),,,,false,,PENDING,false,CARD,Fix my lambo,false,
2026-02-04 15:47:49.029,,"8d0b391e60514c3e9659230705726267",gXPxdHYCcHbcl7MdsIoFK29AIEf2,1065941582961278977,,,,POINT (51.51942 0.11547),,,,false,,PENDING,false,CARD,,false,
2025-11-26 00:08:44.534,,"8d2e4aaf192b41d98bdbbd1069224e2a",KIYKgL71o4ge1horPR08S7hCJN42,1065941582961278977,,,,POINT (51.51942679331631 0.1092620288710309),,,,false,,PENDING,false,CARD,,false,
2025-07-15 00:33:15.456,,"8d3560906d66423f83ed5b53104cbcb4",gXPxdHYCcHbcl7MdsIoFK29AIEf2,1065941582961278977,,,,POINT (51.51942599382975 0.1092420254871573),,,,false,,,false,CARD,,false,
2025-08-13 20:44:27.184,,"8d48ff277b84472ca0e3a43fc649006c",gXPxdHYCcHbcl7MdsIoFK29AIEf2,1065941583869181953,,,,POINT (51.51941920106144 0.1092485525049524),,,,false,,,false,CARD,,false,
2025-09-24 23:15:36.654,2025-09-24 23:15:51.148,"8d54e3285188466a98196db61faa5e1e",gXPxdHYCcHbcl7MdsIoFK29AIEf2,1065941582961278977,f5e29d05737548b6b739618cb3c4d37f,,,POINT (37.4212162 -122.0828568),,,,false,,,false,CARD,,false,
2025-09-20 14:36:28.519,2025-09-20 14:37:04.680,"8dfb3a9a5eb14144961bcbd402647eff",gXPxdHYCcHbcl7MdsIoFK29AIEf2,1065941582961278977,f5e29d05737548b6b739618cb3c4d37f,,,POINT (37.4212162 -122.0828568),,,,false,,,false,CARD,,false,
2025-07-08 00:00:52.831,,"8e160df2254a4943a45135ad3dba5451",gXPxdHYCcHbcl7MdsIoFK29AIEf2,1065941583869181953,,,,POINT (51.519425562859475 0.1092419752133327),,,,false,,,false,CARD,,false,
2025-08-18 15:12:04.441,,"8f394e4cda254f9a819b3ba238837dd6",gXPxdHYCcHbcl7MdsIoFK29AIEf2,1065941583869181953,,,,POINT (51.51942 0.11547),,,,false,,,false,CARD,,false,
2025-07-11 08:55:45.901,,"8f70fad436744da6b1827d3a04445ebf",gXPxdHYCcHbcl7MdsIoFK29AIEf2,1065941582961278977,,,,POINT (51.51944 0.109),,,,false,,,false,CARD,,false,
2025-07-08 00:20:09.027,,"90184edcfa954a0db7574f1d2d85935f",gXPxdHYCcHbcl7MdsIoFK29AIEf2,1065941583869181953,,,,POINT (51.519431904820586 0.1090816210558471),,,,false,,,false,CARD,,false,
2025-07-14 21:14:15.204,,"9050a584ff14491eb78acea9baf2a0c7",gXPxdHYCcHbcl7MdsIoFK29AIEf2,1065941583869181953,,,,POINT (51.51942599382975 0.1092420254871573),,,,false,,,false,CARD,,false,
2025-07-14 20:56:16.283,,"90d1eb95549441908eeb85aef5bc5e91",gXPxdHYCcHbcl7MdsIoFK29AIEf2,1065941583869181953,,,,POINT (51.51942599382975 0.1092420254871573),,,,false,,,false,CARD,,false,
2025-12-25 13:30:57.190,,"91344981376f4b07a1bd3d8eeef4969f",KIYKgL71o4ge1horPR08S7hCJN42,1065941582961278977,,,,POINT (51.51942 0.11547),,,,false,,PENDING,false,CARD,Wash my lambo Urus inside out. Make the wheels are sparkling clean,false,
2026-02-04 17:54:31.935,,"91a2cd177b8245ecb0586bc8f7e2a800",gXPxdHYCcHbcl7MdsIoFK29AIEf2,1065941587622297601,,,,POINT (51.51942 0.11547),,,,false,,PENDING,false,CARD,Fix my car. It’s a Lamborghini Urus 2025 limited ultimate edition,false,
2025-07-15 01:06:44.098,,"91ec29238e124295a93f3b2e3dbe07f5",gXPxdHYCcHbcl7MdsIoFK29AIEf2,1065941583869181953,,,,POINT (51.51942599382975 0.1092420254871573),,,,false,,,false,CARD,,false,
2025-09-12 17:28:52.614,2025-09-12 17:29:17.624,"91f051c1f1974d0394c75a648ff33c3c",gXPxdHYCcHbcl7MdsIoFK29AIEf2,1065941583869181953,f5e29d05737548b6b739618cb3c4d37f,,,POINT (51.51942 0.11547),,,,false,,,false,CARD,,false,
2026-01-03 10:43:57.476,,"91f5ff62724f4908b2688d5aed226eda",gXPxdHYCcHbcl7MdsIoFK29AIEf2,1065941583869181953,,,,POINT (51.51942 0.11547),,,,false,,PENDING,false,CARD,Fix dinning table and chair. Door hinge is also broken,false,
2025-12-31 14:11:03.806,2025-12-31 14:11:20.724,"921542879a744a8486a50d78c59dcca2",KIYKgL71o4ge1horPR08S7hCJN42,1065941583869181953,f5e29d05737548b6b739618cb3c4d37f,,,POINT (6.516499826425177 3.3872673442080536),,,,false,,ARTISAN_MATCHED,false,CASH,,false,
2025-08-13 22:28:47.459,,"92412b4de65c4b0daeab9eeb0c00bfc1",gXPxdHYCcHbcl7MdsIoFK29AIEf2,1065941583869181953,,,,POINT (51.51941920106144 0.1092485525049524),,,,false,,,false,CARD,,false,
2025-07-23 01:13:41.662,,"92a8b97dcef941e595ff9c1fc6ac24b3",gXPxdHYCcHbcl7MdsIoFK29AIEf2,1065941582961278977,,,,POINT (51.51942378774427 0.109242609300375),,,,false,,,false,CARD,,false,
2025-07-23 02:15:40.034,,"931c7ed7e3bd47cf8db11c1c41e12310",gXPxdHYCcHbcl7MdsIoFK29AIEf2,1065941583869181953,,,,POINT (51.51942378774427 0.109242609300375),,,,false,,,false,CARD,,false,
2026-02-04 12:11:55.819,,"93f9f118aa8145c8905a99791ad599ff",gXPxdHYCcHbcl7MdsIoFK29AIEf2,1065941583869181953,,,,POINT (51.533768333333335 0.10831),,,,false,,PENDING,false,CARD,Just testing here,false,
2025-07-23 02:06:08.244,,"940ebd11054544b0992b83b2a4c321c4",gXPxdHYCcHbcl7MdsIoFK29AIEf2,1065941583869181953,,,,POINT (51.51942378774427 0.109242609300375),,,,false,,,false,CARD,,false,
2025-07-03 08:30:05.710,,"94aa62aa680b4938ae292a911a6a4363",gXPxdHYCcHbcl7MdsIoFK29AIEf2,1065941582961278977,,,,POINT (51.548683 0.1276344),,,,false,,,false,CARD,,false,
2025-07-25 00:55:56.686,,"9510dc512a28415097cc3e95ecd73b93",gXPxdHYCcHbcl7MdsIoFK29AIEf2,1065941582961278977,,,,POINT (51.519423097463545 0.1092428720876799),,,,false,,,false,CARD,,false,
2025-08-13 20:42:59.575,,"954d2bbb038f4fd0bbcfd9d32810001c",gXPxdHYCcHbcl7MdsIoFK29AIEf2,1065941583869181953,,,,POINT (51.51941920106144 0.1092485525049524),,,,false,,,false,CARD,,false,
2025-07-11 00:17:15.764,,"95fefa1a3f9e402c83594d76260f9b3b",gXPxdHYCcHbcl7MdsIoFK29AIEf2,1065941583869181953,,,,POINT (51.51942592621681 0.1092427097060243),,,,false,,,false,CARD,,false,
2025-08-18 15:05:46.167,,"967882c22de84a80a6b98080533b807a",gXPxdHYCcHbcl7MdsIoFK29AIEf2,1065941583869181953,,,,POINT (51.51942 0.11547),,,,false,,,false,CARD,,false,
2025-09-09 17:31:19.767,,"969e6e750763489abe83015096e4e175",gXPxdHYCcHbcl7MdsIoFK29AIEf2,1065941582961278977,,,,POINT (51.51942 0.11547),,,,false,,,false,CARD,,false,
2025-07-14 22:52:57.112,,"96b002aadbb74968bab6337f5952e07c",gXPxdHYCcHbcl7MdsIoFK29AIEf2,1065941583869181953,,,,POINT (51.51942599382975 0.1092420254871573),,,,false,,,false,CARD,,false,
2025-07-23 01:09:32.189,,"96c007f86b2848d481f1dd4eb0ec4915",gXPxdHYCcHbcl7MdsIoFK29AIEf2,1065941582961278977,,,,POINT (51.51942378774427 0.109242609300375),,,,false,,,false,CARD,,false,
2025-05-26 17:31:00.425,,"9756601c9ede4d8783dd5dcaf885c28c","5youRvOyZYdyYMlM8IAnEgg2Zf92",1065941582961278977,,,,POINT (51.51941621685526 0.1092354268728901),,,,false,,,false,CARD,,false,
2025-09-10 18:13:59.288,,"97946af987ec49b6be153641f771cb95",gXPxdHYCcHbcl7MdsIoFK29AIEf2,1065941583869181953,,,,POINT (51.51941313883042 0.1092595658797715),,,,false,,,false,CARD,,false,
2025-07-23 02:14:14.081,,"97b03bd03db74d1ab57469a6fbb1e1c2",gXPxdHYCcHbcl7MdsIoFK29AIEf2,1065941582961278977,,,,POINT (51.51942378774427 0.109242609300375),,,,false,,,false,CARD,,false,
2026-01-02 10:29:15.455,,"97faf00489a243a4ab8d20a764b643c6",gXPxdHYCcHbcl7MdsIoFK29AIEf2,1065941583869181953,,,,POINT (51.51942 0.11547),,,,false,,PENDING,false,CARD,Testing Push Notifications ,false,
2025-07-08 16:10:21.287,,"9826c9f2b92b4cab94c36dc31afbf18f",gXPxdHYCcHbcl7MdsIoFK29AIEf2,1065941582961278977,,,,POINT (51.51944 0.109),,,,false,,,false,CARD,,false,
2025-07-15 00:19:38.459,,"982da3b7d315485796b92266dc5ca00b",gXPxdHYCcHbcl7MdsIoFK29AIEf2,1065941583869181953,,,,POINT (51.51942599382975 0.1092420254871573),,,,false,,,false,CARD,,false,
2025-07-10 20:17:39.332,,"98432bc6f82e4c24a5307f38e8a8593b",gXPxdHYCcHbcl7MdsIoFK29AIEf2,1065941582961278977,,,,POINT (51.51942570146671 0.1092426521638781),,,,false,,,false,CARD,,false,
2025-07-08 16:07:09.907,,"98a5f0e536f848a4bedecfe0fa43b6b9",gXPxdHYCcHbcl7MdsIoFK29AIEf2,1065941582961278977,,,,POINT (51.51944 0.109),,,,false,,,false,CARD,,false,
2025-07-08 16:12:36.057,,"98ca243d20e34e989f8834b467cf85b6",gXPxdHYCcHbcl7MdsIoFK29AIEf2,1065941582961278977,,,,POINT (51.51944 0.109),,,,false,,,false,CARD,,false,
2025-12-25 13:37:13.933,,"9a45b7a2517e40a6ba47bb5a29abf448",KIYKgL71o4ge1horPR08S7hCJN42,1065941582961278977,,,,POINT (51.51942 0.11547),,,,false,,PENDING,false,CARD,,false,
2026-01-08 15:35:44.274,2026-01-08 15:36:30.321,"9a58ce8588bb4b4faacc127fbfbaa46d",gXPxdHYCcHbcl7MdsIoFK29AIEf2,1065941583869181953,f5e29d05737548b6b739618cb3c4d37f,,,POINT (51.51942 0.11547),,,,false,,ARTISAN_MATCHED,false,CARD,Test Chat Socket,false,
2025-09-10 16:38:31.174,,"9b0a94b6bcdf4f5596e7d57b09d47a2d",gXPxdHYCcHbcl7MdsIoFK29AIEf2,1065941583869181953,,,,POINT (51.51941313883042 0.1092595658797715),,,,false,,,false,CARD,,false,
2025-07-23 12:05:01.433,,"9b131d7742714bf894c51d2d6e356b11",gXPxdHYCcHbcl7MdsIoFK29AIEf2,1065941582961278977,,,,POINT (51.51942378774427 0.109242609300375),,,,false,,,false,CARD,,false,
2025-07-14 22:20:35.981,,"9b2b488ce72c41a495994f12b6de6d98",gXPxdHYCcHbcl7MdsIoFK29AIEf2,1065941582961278977,,,,POINT (51.51942599382975 0.1092420254871573),,,,false,,,false,CARD,,false,
2025-07-15 00:34:58.107,,"9b33dfb7d02443ceb268dd88d75d792f",gXPxdHYCcHbcl7MdsIoFK29AIEf2,1065941583869181953,,,,POINT (51.51942599382975 0.1092420254871573),,,,false,,,false,CARD,,false,
2025-07-23 02:12:24.172,,"9b3fa0a845cd4688a37c176d93370248",gXPxdHYCcHbcl7MdsIoFK29AIEf2,1065941583869181953,,,,POINT (51.51942378774427 0.109242609300375),,,,false,,,false,CARD,,false,
2025-07-09 16:57:59.035,,"9b71385872a5445fb9cd550aa32c913e",gXPxdHYCcHbcl7MdsIoFK29AIEf2,1065941583869181953,,,,POINT (51.51942623389062 0.1092424201034406),,,,false,,,false,CARD,,false,
2025-07-23 01:34:52.554,,"9b7d2bfd1d3a483685bc3194d3cf60b7",gXPxdHYCcHbcl7MdsIoFK29AIEf2,1065941583869181953,,,,POINT (51.51942378774427 0.109242609300375),,,,false,,,false,CARD,,false,
2025-07-07 22:51:38.074,,"9b81bdd387ac4e96b62572daef4fc953",KIYKgL71o4ge1horPR08S7hCJN42,1065941582961278977,,,,POINT (51.519425562859475 0.1092419752133327),,,,false,,,false,CARD,,false,
2025-12-30 15:27:45.481,2025-12-30 15:28:52.068,"9bad333d6daa4446bfcaa0e58c55183b",fMeBU1HTAyczOG8IbAJ8eYLnbTi2,1065941583869181953,f5e29d05737548b6b739618cb3c4d37f,,,POINT (6.516499826425177 3.3872673442080536),,,,false,,ARTISAN_MATCHED,false,CASH,,false,
2025-07-22 20:32:14.188,,"9beded7e76564987bb9fe974c2a51c13",gXPxdHYCcHbcl7MdsIoFK29AIEf2,1065941582961278977,,,,POINT (51.51942385027374 0.1092429040623096),,,,false,,,false,CARD,,false,
2026-02-03 19:11:27.071,,"9cb1b59184f6481d87e792bafe8b16da",gXPxdHYCcHbcl7MdsIoFK29AIEf2,1065941582961278977,,,,POINT (37.421998333333335 -122.084),,,,false,,PENDING,false,CARD,,false,
2025-07-23 01:54:29.707,,"9d15e7fdb3a84bd9b6e0a3830a529697",gXPxdHYCcHbcl7MdsIoFK29AIEf2,1065941583869181953,,,,POINT (51.51942378774427 0.109242609300375),,,,false,,,false,CARD,,false,
2025-07-23 00:39:13.078,,"9d48f9a9d69c45a4bf6fb9a0906f5d4a",gXPxdHYCcHbcl7MdsIoFK29AIEf2,1065941583869181953,,,,POINT (51.51942378774427 0.109242609300375),,,,false,,,false,CARD,,false,
2026-02-04 19:47:34.616,2026-02-04 19:47:55.849,"9d67beb48c69490ba7e1d9c80818a245",gXPxdHYCcHbcl7MdsIoFK29AIEf2,1065941587622297601,f5e29d05737548b6b739618cb3c4d37f,,,POINT (51.51942 0.11547),,,,false,,ARTISAN_MATCHED,false,CARD,Fix my broken vehicle,false,
2025-07-24 23:44:39.193,,"9d9b2fda9d664836b4c7d5df338b5213",gXPxdHYCcHbcl7MdsIoFK29AIEf2,1065941582961278977,,,,POINT (51.519423097463545 0.1092428720876799),,,,false,,,false,CARD,,false,
2025-08-20 09:45:19.376,2025-08-20 09:45:32.525,"9de7ee8952a34c9896079e03fae980ee",gXPxdHYCcHbcl7MdsIoFK29AIEf2,1065941583869181953,f5e29d05737548b6b739618cb3c4d37f,,,POINT (51.519417588643904 0.1092498316127541),,,,false,,,false,CARD,,false,
2025-07-14 23:18:22.238,,"9e363d3f3a384905b07428e64cf3da54",gXPxdHYCcHbcl7MdsIoFK29AIEf2,1065941582961278977,,,,POINT (51.51942599382975 0.1092420254871573),,,,false,,,false,CARD,,false,
2026-02-03 22:24:49.229,,"9e94634dc3d6416087f5628cbdcb33a6",gXPxdHYCcHbcl7MdsIoFK29AIEf2,1065941583869181953,,,,POINT (51.533768333333335 0.10831),,,,false,,PENDING,false,CARD,,false,
2026-01-03 10:27:07.130,,"9eaeaeed902943b28bb647db966ef377",gXPxdHYCcHbcl7MdsIoFK29AIEf2,1065941583869181953,,,,POINT (51.51942 0.11547),,,,false,,PENDING,false,CARD,Fix dinning table ans chait. Door hinge is also broken,false,
2025-09-09 18:07:57.047,,"9ecd878015914635a2c2eb8b51ea5184",gXPxdHYCcHbcl7MdsIoFK29AIEf2,1065941582961278977,,,,POINT (51.51942 0.11547),,,,false,,,false,CARD,,false,
2025-07-10 19:59:32.717,,"9fc172893a2d453198b4c081c5ac5390",gXPxdHYCcHbcl7MdsIoFK29AIEf2,1065941582961278977,,,,POINT (51.51941898238578 0.1093067246874949),,,,false,,,false,CARD,,false,
2025-07-15 00:56:56.767,,"9fff44b921304941993ccfe764a3a347",gXPxdHYCcHbcl7MdsIoFK29AIEf2,1065941583869181953,,,,POINT (51.51942599382975 0.1092420254871573),,,,false,,,false,CARD,,false,
2025-07-23 01:39:56.057,,a0402f6691e74aa9b245cca65a78f753,gXPxdHYCcHbcl7MdsIoFK29AIEf2,1065941583869181953,,,,POINT (51.51942378774427 0.109242609300375),,,,false,,,false,CARD,,false,
2025-07-03 17:57:05.436,,a0623dc39fa54d1b95f4da483f761b11,gXPxdHYCcHbcl7MdsIoFK29AIEf2,1065941583869181953,,,,POINT (51.519 0.1176),,,,false,,,false,CARD,,false,
2025-07-23 12:05:53.385,,a07da9d9cb974f23a40dc638b979475d,gXPxdHYCcHbcl7MdsIoFK29AIEf2,1065941582961278977,,,,POINT (51.51942378774427 0.109242609300375),,,,false,,,false,CARD,,false,
2025-09-14 15:40:27.975,,a163ed92edd942d08bec3c3bf6d6ab1f,KIYKgL71o4ge1horPR08S7hCJN42,1065941586507366401,,,,POINT (51.51942 0.11547),,,,false,,,false,CARD,,false,
2025-08-20 09:17:02.881,2025-08-20 09:18:02.640,a19cf43c003d4956a22ade96770aa4fe,gXPxdHYCcHbcl7MdsIoFK29AIEf2,1065941583869181953,f5e29d05737548b6b739618cb3c4d37f,,,POINT (51.519417588643904 0.1092498316127541),,,,false,,,false,CARD,,false,
2025-07-15 01:04:01.679,,a1a1b9f6b49c4e488a0d8eb03300f43a,gXPxdHYCcHbcl7MdsIoFK29AIEf2,1065941583869181953,,,,POINT (51.51942599382975 0.1092420254871573),,,,false,,,false,CARD,,false,
2025-07-14 23:03:07.465,,a1d2a55c7dfe450eae4e6f33c728145b,gXPxdHYCcHbcl7MdsIoFK29AIEf2,1065941582961278977,,,,POINT (51.51942599382975 0.1092420254871573),,,,false,,,false,CARD,,false,
2026-01-08 16:20:13.613,2026-01-08 16:20:25.986,a282079f46994411b77fbf729deb32b2,gXPxdHYCcHbcl7MdsIoFK29AIEf2,1065941583869181953,f5e29d05737548b6b739618cb3c4d37f,,,POINT (51.51942 0.11547),,,,false,,ARTISAN_MATCHED,false,CARD,Test,false,
2026-01-02 12:53:32.715,,a3fb3716a1984ae399df2b3c4effec2e,gXPxdHYCcHbcl7MdsIoFK29AIEf2,1065941583869181953,,,,POINT (51.51942 0.11547),,,,false,,PENDING,false,CARD,Test Push Notifications Popup ,false,
2025-09-24 19:36:43.147,,a474c04e028449029cf9736204e0a74f,gXPxdHYCcHbcl7MdsIoFK29AIEf2,1065941585638785025,,,,POINT (51.51942 0.11547),,,,false,,,false,CARD,,false,
2025-07-10 20:23:54.053,,a4fe0de2d6484b5ba74509c4c1201e19,gXPxdHYCcHbcl7MdsIoFK29AIEf2,1065941583869181953,,,,POINT (51.51942570146671 0.1092426521638781),,,,false,,,false,CARD,,false,
2025-07-07 23:45:47.423,,a501ec25e97b40648bf11dfa417d94ef,gXPxdHYCcHbcl7MdsIoFK29AIEf2,1065941583869181953,,,,POINT (51.519425562859475 0.1092419752133327),,,,false,,,false,CARD,,false,
2025-07-11 16:45:17.758,,a536d83f1ce5459ea92b4d410e66d565,gXPxdHYCcHbcl7MdsIoFK29AIEf2,1065941583869181953,,,,POINT (51.51942592621681 0.1092427097060243),,,,false,,,false,CARD,,false,
2025-05-05 21:57:52.292,,a53b09e826de48db8c8c623805f907df,"5youRvOyZYdyYMlM8IAnEgg2Zf92",1065941591465197569,,,,POINT (51.5194138763419 0.1092386616926036),,,,false,,,false,CARD,,false,
2025-07-14 23:51:15.913,,a5898d7fa45f450182d54182918b4d83,gXPxdHYCcHbcl7MdsIoFK29AIEf2,1065941583869181953,,,,POINT (51.51942599382975 0.1092420254871573),,,,false,,,false,CARD,,false,
2025-07-14 22:23:37.578,,a5e98b368a6146fbb960b1b2d957910a,gXPxdHYCcHbcl7MdsIoFK29AIEf2,1065941583869181953,,,,POINT (51.51942599382975 0.1092420254871573),,,,false,,,false,CARD,,false,
2025-08-18 14:48:32.524,,a63cc38bc65745ee928bfb508f06d93d,gXPxdHYCcHbcl7MdsIoFK29AIEf2,1065941583869181953,,,,POINT (51.51942 0.11547),,,,false,,,false,CARD,,false,
2025-07-23 02:00:51.235,,a6f5b87fbcd540adaa69e778ea8fd46f,gXPxdHYCcHbcl7MdsIoFK29AIEf2,1065941582961278977,,,,POINT (51.51942378774427 0.109242609300375),,,,false,,,false,CARD,,false,
2025-05-26 22:58:54.083,,a81a3d9632ec4276b015a328584ecda3,"5youRvOyZYdyYMlM8IAnEgg2Zf92",1065941583869181953,,,,POINT (51.51941840422709 0.1092369986904621),,,,false,,,false,CARD,,false,
2025-12-23 23:27:56.399,,a84581b1f8074e64bc6fa722a822872c,gXPxdHYCcHbcl7MdsIoFK29AIEf2,1065941582961278977,,,,POINT (51.519429753325674 0.109271326531649),,,,false,,PENDING,false,CARD,,false,
2025-07-14 22:59:37.536,,a87637907e354aa997ecdcfad23a7729,gXPxdHYCcHbcl7MdsIoFK29AIEf2,1065941583869181953,,,,POINT (51.51942599382975 0.1092420254871573),,,,false,,,false,CARD,,false,
2025-07-23 12:20:40.290,,a8adce3024b7412e9a68a8b36ec62049,gXPxdHYCcHbcl7MdsIoFK29AIEf2,1065941583869181953,,,,POINT (51.51942378774427 0.109242609300375),,,,false,,,false,CARD,,false,
2025-12-30 00:50:42.997,2025-12-30 00:51:01.874,a8b13e35ab6b4eee953457c4c1645f3a,fMeBU1HTAyczOG8IbAJ8eYLnbTi2,1065941583869181953,f5e29d05737548b6b739618cb3c4d37f,,,POINT (6.516499826425177 3.3872673442080536),,,,false,,ARTISAN_MATCHED,false,CASH,,false,
2025-08-22 22:41:25.201,,a8c07f5b39b445f086ef60f99d4be3c0,KIYKgL71o4ge1horPR08S7hCJN42,1065941591465197569,,,,POINT (37.4220936 -122.083922),,,,false,,,false,CARD,,false,
2025-12-30 03:25:02.361,2025-12-30 03:25:19.419,a8d09cb67d4c4ef1b58fc3f10fb11a2e,fMeBU1HTAyczOG8IbAJ8eYLnbTi2,1065941583869181953,f5e29d05737548b6b739618cb3c4d37f,,,POINT (6.516499826425177 3.3872673442080536),,,,false,,ARTISAN_MATCHED,false,CASH,,false,
2025-07-23 01:37:20.658,,a8d8e4174881462b8f58d6d79b2dd9c0,gXPxdHYCcHbcl7MdsIoFK29AIEf2,1065941582961278977,,,,POINT (51.51942378774427 0.109242609300375),,,,false,,,false,CARD,,false,
2025-07-14 22:55:18.922,,a922f5daf8de406f975506266b67721c,gXPxdHYCcHbcl7MdsIoFK29AIEf2,1065941583869181953,,,,POINT (51.51942599382975 0.1092420254871573),,,,false,,,false,CARD,,false,
2025-07-15 00:20:21.861,,a962f7e71dd64ab98f5594e3a6de9407,gXPxdHYCcHbcl7MdsIoFK29AIEf2,1065941583869181953,,,,POINT (51.51942599382975 0.1092420254871573),,,,false,,,false,CARD,,false,
2025-07-10 21:59:27.066,,a9906bda5c894d56b7e3eecda5c35960,gXPxdHYCcHbcl7MdsIoFK29AIEf2,1065941582961278977,,,,POINT (51.51942592621681 0.1092427097060243),,,,false,,,false,CARD,,false,
2025-07-10 20:00:05.128,,a9f61f5a3ea44bc882c0ffe180e798c1,gXPxdHYCcHbcl7MdsIoFK29AIEf2,1065941583869181953,,,,POINT (51.51942570146671 0.1092426521638781),,,,false,,,false,CARD,,false,
2025-07-14 23:30:09.855,,aa901abb60d44479ade2df053c1ca7d3,gXPxdHYCcHbcl7MdsIoFK29AIEf2,1065941583869181953,,,,POINT (51.51942599382975 0.1092420254871573),,,,false,,,false,CARD,,false,
2025-07-22 23:42:42.108,,aa9f218d8bf74b08842a958c18816bb9,gXPxdHYCcHbcl7MdsIoFK29AIEf2,1065941583869181953,,,,POINT (51.51942378774427 0.109242609300375),,,,false,,,false,CARD,,false,
2026-01-03 11:26:27.614,,abcb4caf8454495bb69736bee115d7eb,gXPxdHYCcHbcl7MdsIoFK29AIEf2,1065941583869181953,,,,POINT (51.51942 0.11547),,,,false,,PENDING,false,CARD,Test booking,false,
2025-08-27 09:43:34.413,2025-08-27 09:43:56.370,abe0e51b154f4ff3b15729b911136884,gXPxdHYCcHbcl7MdsIoFK29AIEf2,1065941583869181953,f5e29d05737548b6b739618cb3c4d37f,,,POINT (51.51942 0.11547),,,,false,,,false,CARD,,false,
2025-09-11 10:34:21.529,,ac078aa87fb445edba125ae920a56aaf,gXPxdHYCcHbcl7MdsIoFK29AIEf2,1065941583869181953,,,,POINT (51.5194145170772 0.1092627824939028),,,,false,,,false,CARD,,false,
2025-08-19 00:38:28.355,,ac6f783702834f8f89001d16a3f8b4fe,gXPxdHYCcHbcl7MdsIoFK29AIEf2,1065941583869181953,,,,POINT (51.51941824016977 0.109250370863331),,,,false,,,false,CARD,,false,
2026-01-08 20:20:44.204,2026-01-08 20:21:07.028,ac951bb7a59d4ce587948df67effa5d6,gXPxdHYCcHbcl7MdsIoFK29AIEf2,1065941583869181953,f5e29d05737548b6b739618cb3c4d37f,,,POINT (51.51942 0.11547),,,,false,,ARTISAN_MATCHED,false,CARD,,false,
2025-07-23 12:13:43.310,,ac9ba77561d84e64aca93eb96ca14636,gXPxdHYCcHbcl7MdsIoFK29AIEf2,1065941582961278977,,,,POINT (51.51942378774427 0.109242609300375),,,,false,,,false,CARD,,false,
2025-08-13 20:54:45.093,,accc61ec2cb144258a155fd457c0bae1,gXPxdHYCcHbcl7MdsIoFK29AIEf2,1065941583869181953,,,,POINT (51.51941920106144 0.1092485525049524),,,,false,,,false,CARD,,false,
2025-09-24 23:07:53.002,,ace9a9e8aa3b4b488439697174684b95,gXPxdHYCcHbcl7MdsIoFK29AIEf2,1065941582961278977,,,,POINT (37.4212162 -122.0828568),,,,false,,,false,CARD,,false,
2025-07-22 20:28:35.106,,ad3c851ae10845108d53d14e5b8bcf67,gXPxdHYCcHbcl7MdsIoFK29AIEf2,1065941583869181953,,,,POINT (51.51942385027374 0.1092429040623096),,,,false,,,false,CARD,,false,
2025-07-14 23:18:06.862,,ad3d4da3c0c8493a8ccb38ef489c319c,gXPxdHYCcHbcl7MdsIoFK29AIEf2,1065941583869181953,,,,POINT (51.51942599382975 0.1092420254871573),,,,false,,,false,CARD,,false,
2025-07-22 20:36:52.962,,ad47c63109b7483999510cbfa5fa214e,gXPxdHYCcHbcl7MdsIoFK29AIEf2,1065941583869181953,,,,POINT (51.51942385027374 0.1092429040623096),,,,false,,,false,CARD,,false,
2025-07-10 22:06:21.428,,adbd367b22e34271802468ba5f6e78b7,gXPxdHYCcHbcl7MdsIoFK29AIEf2,1065941583869181953,,,,POINT (51.51942592621681 0.1092427097060243),,,,false,,,false,CARD,,false,
2025-07-23 00:07:03.492,,add8a782217842b3b68906f158837c06,gXPxdHYCcHbcl7MdsIoFK29AIEf2,1065941582961278977,,,,POINT (51.51942378774427 0.109242609300375),,,,false,,,false,CARD,,false,
2025-06-13 09:42:54.847,,ae1d2f21b9104fba8aca72cd139ee08d,gXPxdHYCcHbcl7MdsIoFK29AIEf2,1065941582961278977,,,,POINT (51.51942268116859 0.1092369723978484),,,,false,,,false,CARD,,false,
2025-07-03 16:10:22.858,,ae3d652a38f94b7e8c49f34c7d64f6ae,gXPxdHYCcHbcl7MdsIoFK29AIEf2,1065941582961278977,,,,POINT (51.548683 0.1276344),,,,false,,,false,CARD,,false,
2025-09-10 10:49:46.067,,ae6482a7d68c4934953575f39c03c9a1,gXPxdHYCcHbcl7MdsIoFK29AIEf2,1065941583869181953,,,,POINT (51.51941313883042 0.1092595658797715),,,,false,,,false,CARD,,false,
2025-07-23 00:40:07.117,,aec68e858fe948f2bdf7410aa64b47c0,gXPxdHYCcHbcl7MdsIoFK29AIEf2,1065941583869181953,,,,POINT (51.51942378774427 0.109242609300375),,,,false,,,false,CARD,,false,
2025-09-09 18:07:43.931,,aec6c7aba2b847838fc165ec82520720,gXPxdHYCcHbcl7MdsIoFK29AIEf2,1065941582961278977,,,,POINT (51.51942 0.11547),,,,false,,,false,CARD,,false,
2026-01-02 10:35:17.216,,aef5540d0ab7481a834baa0a502e0f05,gXPxdHYCcHbcl7MdsIoFK29AIEf2,1065941583869181953,,,,POINT (51.51942 0.11547),,,,false,,PENDING,false,CARD,,false,
2025-07-15 00:11:27.043,,af1d014cebdc412dafe13e00c34e9a74,gXPxdHYCcHbcl7MdsIoFK29AIEf2,1065941583869181953,,,,POINT (51.51942599382975 0.1092420254871573),,,,false,,,false,CARD,,false,
2026-02-04 13:28:58.283,,af3874fe881e48209faae441ce0aed24,gXPxdHYCcHbcl7MdsIoFK29AIEf2,1065941583869181953,,,,POINT (51.51942 0.11547),,,,false,,PENDING,false,CARD,Lambo Test,false,
2025-07-23 11:46:18.581,,afe8eb5775974893b605b61a5d6aac81,gXPxdHYCcHbcl7MdsIoFK29AIEf2,1065941583869181953,,,,POINT (51.51942378774427 0.109242609300375),,,,false,,,false,CARD,,false,
2025-09-10 10:20:48.669,,b0cfebfb87514be2ac652f7d164f2a60,gXPxdHYCcHbcl7MdsIoFK29AIEf2,1065941583869181953,,,,POINT (51.51941313883042 0.1092595658797715),,,,false,,,false,CARD,,false,
2025-07-10 19:49:57.958,,b131a45bab954639b0b46fb3e858ab83,gXPxdHYCcHbcl7MdsIoFK29AIEf2,1065941583869181953,,,,POINT (51.51942570146671 0.1092426521638781),,,,false,,,false,CARD,,false,
2025-07-15 00:14:32.260,,b20431d128354e249ecba45e21a1aa81,gXPxdHYCcHbcl7MdsIoFK29AIEf2,1065941582961278977,,,,POINT (51.51942599382975 0.1092420254871573),,,,false,,,false,CARD,,false,
2025-09-19 23:19:18.661,2025-09-19 23:20:24.325,b2bcbb9f07c742b2a7755de572755304,KIYKgL71o4ge1horPR08S7hCJN42,1065941583869181953,f5e29d05737548b6b739618cb3c4d37f,,,POINT (37.4220936 -122.083922),,,,false,,,false,CARD,,false,
2025-08-18 14:57:12.767,,b2c032f167f245498b08e88f7abaf7ac,gXPxdHYCcHbcl7MdsIoFK29AIEf2,1065941583869181953,,,,POINT (51.51942 0.11547),,,,false,,,false,CARD,,false,
2026-02-03 22:08:19.041,,b395814a821441efb392cd57bce3b354,gXPxdHYCcHbcl7MdsIoFK29AIEf2,1065941583869181953,,,,POINT (37.421998333333335 -122.084),,,,false,,PENDING,false,CARD,,false,
2026-01-03 10:47:10.755,2026-01-07 21:29:08.601,b3c9343732174cbcb71b60cc7ca01c1f,gXPxdHYCcHbcl7MdsIoFK29AIEf2,1065941583869181953,f5e29d05737548b6b739618cb3c4d37f,,,POINT (51.51942 0.11547),,,,false,,ARTISAN_MATCHED,false,CARD,Test booking,false,
2025-07-23 02:18:22.232,,b47de1cb7df948c2bc892adb2e80b6e2,gXPxdHYCcHbcl7MdsIoFK29AIEf2,1065941582961278977,,,,POINT (51.519400061344534 0.1092345391974078),,,,false,,,false,CARD,,false,
2025-09-09 18:05:53.306,,b53c07138f814f958156fca1c67d9b80,gXPxdHYCcHbcl7MdsIoFK29AIEf2,1065941582961278977,,,,POINT (51.51942 0.11547),,,,false,,,false,CARD,,false,
2025-07-23 01:29:10.462,,b5e456b9b64344e7844dcd047fccac8d,gXPxdHYCcHbcl7MdsIoFK29AIEf2,1065941582961278977,,,,POINT (51.51942378774427 0.109242609300375),,,,false,,,false,CARD,,false,
2025-09-09 17:58:43.093,,b5f44eb4727d4b2d922437d7387b4136,gXPxdHYCcHbcl7MdsIoFK29AIEf2,1065941582961278977,,,,POINT (51.51942 0.11547),,,,false,,,false,CARD,,false,
2025-07-25 01:51:37.781,,b5ffb0c018154e608461c1fae5a13c27,gXPxdHYCcHbcl7MdsIoFK29AIEf2,1065941582961278977,,,,POINT (51.519423097463545 0.1092428720876799),,,,false,,,false,CARD,,false,
2025-07-14 23:24:38.343,,b64b25ca3d284eab93fdfe32193ca221,gXPxdHYCcHbcl7MdsIoFK29AIEf2,1065941583869181953,,,,POINT (51.51942599382975 0.1092420254871573),,,,false,,,false,CARD,,false,
2025-09-09 17:59:34.430,,b65ee2f06d0e43389fbf1cfa273eb22d,gXPxdHYCcHbcl7MdsIoFK29AIEf2,1065941582961278977,,,,POINT (51.51942 0.11547),,,,false,,,false,CARD,,false,
2025-07-23 01:13:07.030,,b719779096b5425bb23814af706e59e3,gXPxdHYCcHbcl7MdsIoFK29AIEf2,1065941582961278977,,,,POINT (51.51942378774427 0.109242609300375),,,,false,,,false,CARD,,false,
2025-09-09 17:56:37.113,,b74f8b32f50041ac92c469b32f4f36ad,gXPxdHYCcHbcl7MdsIoFK29AIEf2,1065941582961278977,,,,POINT (51.51942 0.11547),,,,false,,,false,CARD,,false,
2025-07-15 01:08:24.386,,b7520daa006a4819bba0574bc161c69b,gXPxdHYCcHbcl7MdsIoFK29AIEf2,1065941582961278977,,,,POINT (51.51942599382975 0.1092420254871573),,,,false,,,false,CARD,,false,
2025-09-10 09:45:14.933,,b7fa480bcdb74cd9ab12ab1da6615ba8,gXPxdHYCcHbcl7MdsIoFK29AIEf2,1065941583869181953,,,,POINT (51.51943609439976 0.1093027726640133),,,,false,,,false,CARD,,false,
2025-07-08 00:17:41.925,,b82e3b20abcf42a69e8a325790cbc4fc,gXPxdHYCcHbcl7MdsIoFK29AIEf2,1065941583869181953,,,,POINT (51.51960569462121 0.108952591931178),,,,false,,,false,CARD,,false,
2026-01-02 10:28:00.467,,b84bd88178a14b44bb50665283be21c5,gXPxdHYCcHbcl7MdsIoFK29AIEf2,1065941583869181953,,,,POINT (51.51942 0.11547),,,,false,,PENDING,false,CARD,Testing Push Notifications ,false,
2026-01-02 15:28:09.223,,b84cb209243546ab916e082789a64a94,KIYKgL71o4ge1horPR08S7hCJN42,1065941583869181953,,,,POINT (6.516499826425177 3.3872673442080536),,,,false,,PENDING,false,CASH,,false,
2025-08-13 20:47:49.821,,b870a373f73c4d36956ae55630ef09c0,gXPxdHYCcHbcl7MdsIoFK29AIEf2,1065941583869181953,,,,POINT (51.51941920106144 0.1092485525049524),,,,false,,,false,CARD,,false,
2025-07-09 17:01:15.653,,b8779ac72cb44ffdadb2523f7e44985a,gXPxdHYCcHbcl7MdsIoFK29AIEf2,1065941582961278977,,,,POINT (51.51942623389062 0.1092424201034406),,,,false,,,false,CARD,,false,
2025-07-10 17:50:12.597,,b8cf1dbb5085466e9061d8b8ee87a0c0,gXPxdHYCcHbcl7MdsIoFK29AIEf2,1065941583869181953,,,,POINT (51.51942570146671 0.1092426521638781),,,,false,,,false,CARD,,false,
2025-07-15 00:40:05.163,,b8ed8a09cd174be49112c21b80ccfe9b,gXPxdHYCcHbcl7MdsIoFK29AIEf2,1065941582961278977,,,,POINT (51.51942599382975 0.1092420254871573),,,,false,,,false,CARD,,false,
2025-07-10 22:03:26.255,,b9069a2fb77947a29a3321daa3397b3b,gXPxdHYCcHbcl7MdsIoFK29AIEf2,1065941582961278977,,,,POINT (51.51942592621681 0.1092427097060243),,,,false,,,false,CARD,,false,
2025-12-30 03:16:32.431,2025-12-30 03:16:55.079,b9499b298e7345a8b4b8ee44b548c25a,fMeBU1HTAyczOG8IbAJ8eYLnbTi2,1065941583869181953,f5e29d05737548b6b739618cb3c4d37f,,,POINT (6.516499826425177 3.3872673442080536),,,,false,,ARTISAN_MATCHED,false,CASH,,false,
2025-07-22 23:58:53.860,,b94d499a78964611b8d9f16686b6e752,gXPxdHYCcHbcl7MdsIoFK29AIEf2,1065941582961278977,,,,POINT (51.51942378774427 0.109242609300375),,,,false,,,false,CARD,,false,
2025-08-22 18:58:45.035,2025-08-22 18:59:45.076,b95c28bd07114774a47ac3c2eee4e333,gXPxdHYCcHbcl7MdsIoFK29AIEf2,1065941582961278977,f5e29d05737548b6b739618cb3c4d37f,,,POINT (51.51942 0.11547),,,,false,,,false,CARD,,false,
2025-07-14 20:48:25.603,,b9b1604dd1994799a7db404aed05ea1b,gXPxdHYCcHbcl7MdsIoFK29AIEf2,1065941583869181953,,,,POINT (51.51944 0.109),,,,false,,,false,CARD,,false,
2025-09-13 01:15:52.297,2025-09-13 01:16:57.717,ba50350987ee41dca090a7d4120cb8fb,gXPxdHYCcHbcl7MdsIoFK29AIEf2,1065941583869181953,f5e29d05737548b6b739618cb3c4d37f,,,POINT (51.51942 0.11547),,,,false,,,false,CARD,,false,
2025-07-15 01:08:03.364,,bad6d193dc1145b2a555a0fc92419ba3,gXPxdHYCcHbcl7MdsIoFK29AIEf2,1065941582961278977,,,,POINT (51.51942599382975 0.1092420254871573),,,,false,,,false,CARD,,false,
2026-02-03 22:26:23.832,,bbfeff42843942fdaabee7879ac1abcc,gXPxdHYCcHbcl7MdsIoFK29AIEf2,1065941583869181953,,,,POINT (51.533768333333335 0.10831),,,,false,,PENDING,false,CARD,,false,
2025-07-22 20:38:48.617,,bc1892453f304471b467ecb6f6fb7de9,gXPxdHYCcHbcl7MdsIoFK29AIEf2,1065941583869181953,,,,POINT (51.51942385027374 0.1092429040623096),,,,false,,,false,CARD,,false,
2026-01-02 12:39:02.278,,bc33b5fdecaf48fc9c4c31ac0b110f7f,gXPxdHYCcHbcl7MdsIoFK29AIEf2,1065941583869181953,,,,POINT (51.51942 0.11547),,,,false,,PENDING,false,CARD,Testing,false,
2025-07-14 22:51:41.688,,bc44893b96c140419922a3dd5564afc1,gXPxdHYCcHbcl7MdsIoFK29AIEf2,1065941582961278977,,,,POINT (51.51942599382975 0.1092420254871573),,,,false,,,false,CARD,,false,
2025-07-07 23:50:45.130,,bc9e83d5efe84e168ca1fc002839eb40,gXPxdHYCcHbcl7MdsIoFK29AIEf2,1065941583869181953,,,,POINT (51.519437378187355 0.1092276519547263),,,,false,,,false,CARD,,false,
2025-07-14 23:37:11.366,,bd15089776a7466685d5d395d1dc74f5,gXPxdHYCcHbcl7MdsIoFK29AIEf2,1065941583869181953,,,,POINT (51.51942599382975 0.1092420254871573),,,,false,,,false,CARD,,false,
2025-08-20 09:34:07.497,2025-08-20 09:34:20.199,bd3a89c3592e4bdcaf787a37d9981cb9,gXPxdHYCcHbcl7MdsIoFK29AIEf2,1065941583869181953,f5e29d05737548b6b739618cb3c4d37f,,,POINT (51.519417588643904 0.1092498316127541),,,,false,,,false,CARD,,false,
2026-02-04 13:27:21.844,,bdc63fdd2ebe4ad196ba495b8908087f,gXPxdHYCcHbcl7MdsIoFK29AIEf2,1065941583869181953,,,,POINT (51.51942 0.11547),,,,false,,PENDING,false,CARD,Fix cabinet,false,
2025-07-03 18:11:27.087,,bdd2d9bff3d5454fa2478c6c3fc14bd9,gXPxdHYCcHbcl7MdsIoFK29AIEf2,1065941583869181953,,,,POINT (51.519 0.1176),,,,false,,,false,CARD,,false,
2025-07-23 11:15:55.659,,bde682db77fb4bee83392b383b54c147,gXPxdHYCcHbcl7MdsIoFK29AIEf2,1065941583869181953,,,,POINT (51.51942378774427 0.109242609300375),,,,false,,,false,CARD,,false,
2026-01-08 21:37:45.548,2026-01-08 21:38:12.877,be03d4bb09874f26a48ac85048990d62,gXPxdHYCcHbcl7MdsIoFK29AIEf2,1065941583869181953,f5e29d05737548b6b739618cb3c4d37f,,,POINT (51.51942 0.11547),,,,false,,ARTISAN_MATCHED,false,CARD,,false,
2025-07-14 21:32:52.384,,be04181ebd80406d84438c9799aae8cd,gXPxdHYCcHbcl7MdsIoFK29AIEf2,1065941583869181953,,,,POINT (51.51942599382975 0.1092420254871573),,,,false,,,false,CARD,,false,
2025-07-15 00:37:58.846,,be1b3ab71afe4943bfd3b0b382543461,gXPxdHYCcHbcl7MdsIoFK29AIEf2,1065941582961278977,,,,POINT (51.519419910408786 0.1092499085369277),,,,false,,,false,CARD,,false,
2025-05-06 00:15:23.449,,be256f33a02446afadd9601992cba1e9,"5youRvOyZYdyYMlM8IAnEgg2Zf92",1065941582961278977,,,,POINT (51.5194138763419 0.1092386616926036),,,,false,,,false,CARD,,false,
2025-07-10 17:01:46.632,,beb66bd52b4f48618f5d6353c678a117,gXPxdHYCcHbcl7MdsIoFK29AIEf2,1065941583869181953,,,,POINT (51.51942570146671 0.1092426521638781),,,,false,,,false,CARD,,false,
2025-07-15 00:34:31.177,,bf6e277b8acd44ed8cd0b58cdf3edfd5,gXPxdHYCcHbcl7MdsIoFK29AIEf2,1065941582961278977,,,,POINT (51.51942599382975 0.1092420254871573),,,,false,,,false,CARD,,false,
2025-08-27 17:06:35.535,2025-08-27 17:07:03.710,bffdbcf21dff4106952f009e1c54929e,gXPxdHYCcHbcl7MdsIoFK29AIEf2,1065941583869181953,f5e29d05737548b6b739618cb3c4d37f,,,POINT (51.51942 0.11547),,,,false,,,false,CARD,,false,
2025-07-10 20:03:20.653,,c0b74c4b781548dfae87c5743b66d597,gXPxdHYCcHbcl7MdsIoFK29AIEf2,1065941583869181953,,,,POINT (51.51942570146671 0.1092426521638781),,,,false,,,false,CARD,,false,
2025-08-20 20:02:54.149,,c10b1ddfca564509aa88e2bafd5b2d17,gXPxdHYCcHbcl7MdsIoFK29AIEf2,1065941583869181953,,,,POINT (37.4220936 -122.083922),,,,false,,,false,CARD,,false,
2025-10-25 20:19:49.954,,c1a7ccfea7724adcac70ef39c3535954,KIYKgL71o4ge1horPR08S7hCJN42,1065941582961278977,,,,POINT (51.51942 0.11547),,,,false,,PENDING,false,CARD,,false,
2025-10-25 20:11:13.845,,c1c92e6ea2284d069864237fc1b00be2,KIYKgL71o4ge1horPR08S7hCJN42,1065941583869181953,,,,POINT (51.51942 0.11547),,,,false,,PENDING,false,CARD,,false,
2025-07-22 20:32:30.835,,c1e558a111e5488ca19fa546e86946fc,gXPxdHYCcHbcl7MdsIoFK29AIEf2,1065941583869181953,,,,POINT (51.51942385027374 0.1092429040623096),,,,false,,,false,CARD,,false,
2025-07-10 16:15:53.860,,c1ff2b35f1074c05be8a0663437f0821,gXPxdHYCcHbcl7MdsIoFK29AIEf2,1065941583869181953,,,,POINT (51.51942570146671 0.1092426521638781),,,,false,,,false,CARD,,false,
2025-09-09 17:58:58.076,,c22130f3b5514983820d42df25ed148e,gXPxdHYCcHbcl7MdsIoFK29AIEf2,1065941582961278977,,,,POINT (51.51942 0.11547),,,,false,,,false,CARD,,false,
2025-07-09 22:11:20.665,,c31d9314fe0b4c02b9ee0092c8bc8f6c,gXPxdHYCcHbcl7MdsIoFK29AIEf2,1065941583869181953,,,,POINT (51.51942570146671 0.1092426521638781),,,,false,,,false,CARD,,false,
2026-02-04 15:40:27.338,,c344b6857a7b49efbdc36f115a352847,gXPxdHYCcHbcl7MdsIoFK29AIEf2,1065941582961278977,,,,POINT (51.51942 0.11547),,,,false,,PENDING,false,CARD,,false,
2025-07-03 17:37:42.528,,c3753c817d1f49f9867be8f92c8644ab,gXPxdHYCcHbcl7MdsIoFK29AIEf2,1065941583869181953,,,,POINT (51.548683 0.1276344),,,,false,,,false,CARD,,false,
2025-07-23 01:44:37.435,,c3d675bab6774c3cb5f7f3d83a40dd86,gXPxdHYCcHbcl7MdsIoFK29AIEf2,1065941583869181953,,,,POINT (51.51942378774427 0.109242609300375),,,,false,,,false,CARD,,false,
2025-07-10 19:50:18.532,,c45210af7e264118aad36493cf548b71,gXPxdHYCcHbcl7MdsIoFK29AIEf2,1065941583869181953,,,,POINT (51.51942570146671 0.1092426521638781),,,,false,,,false,CARD,,false,
2025-05-27 15:30:44.747,,c47f6734afc647a1bd9868563c06064e,"5youRvOyZYdyYMlM8IAnEgg2Zf92",1065941582961278977,,,,POINT (51.51941633009691 0.1092347617283519),,,,false,,,false,CARD,,false,
2025-07-22 20:16:19.226,,c4cf516ca11d413ab30a54ee518bb7f9,gXPxdHYCcHbcl7MdsIoFK29AIEf2,1065941583869181953,,,,POINT (51.519406389352376 0.1092185349237783),,,,false,,,false,CARD,,false,
2025-09-09 17:40:50.654,,c4cfe628113342f2953840f57b589331,gXPxdHYCcHbcl7MdsIoFK29AIEf2,1065941582961278977,,,,POINT (51.51942 0.11547),,,,false,,,false,CARD,,false,
2025-07-15 00:12:55.828,,c4e22e63aba64b558361198d03f56d80,gXPxdHYCcHbcl7MdsIoFK29AIEf2,1065941583869181953,,,,POINT (51.51942599382975 0.1092420254871573),,,,false,,,false,CARD,,false,
2025-07-14 21:19:57.569,,c502b420482543a2950df35f3375dacf,gXPxdHYCcHbcl7MdsIoFK29AIEf2,1065941582961278977,,,,POINT (51.51942599382975 0.1092420254871573),,,,false,,,false,CARD,,false,
2025-07-23 10:59:38.671,,c5232070e0e04d0f846c5bbdcfa8c2ee,gXPxdHYCcHbcl7MdsIoFK29AIEf2,1065941582961278977,,,,POINT (51.51942378774427 0.109242609300375),,,,false,,,false,CARD,,false,
2025-07-14 22:40:04.899,,c5f0b698a92245a99c215b4523d87a9f,gXPxdHYCcHbcl7MdsIoFK29AIEf2,1065941583869181953,,,,POINT (51.51942599382975 0.1092420254871573),,,,false,,,false,CARD,,false,
2025-07-14 21:00:37.041,,c637dbb5f75e4e9bb1013f8ba20bb0d8,gXPxdHYCcHbcl7MdsIoFK29AIEf2,1065941583869181953,,,,POINT (51.51942599382975 0.1092420254871573),,,,false,,,false,CARD,,false,
2025-10-13 17:28:26.447,,c65d5e03d7d744119cfeed6fde061f08,fMeBU1HTAyczOG8IbAJ8eYLnbTi2,1065941582961278977,,,,POINT (6.516499826425177 3.3872673442080536),,,,false,,,false,CASH,,false,
2025-09-21 22:30:46.684,2025-09-21 22:31:28.638,c65f56f2a8c44edc8178effb36a1ed60,KIYKgL71o4ge1horPR08S7hCJN42,1065941583869181953,f5e29d05737548b6b739618cb3c4d37f,,,POINT (37.4212162 -122.0828568),,,,false,,,false,CARD,,false,
2025-07-08 16:15:29.384,,c6b608975f5847ff80ce5d3b4aec4dd5,gXPxdHYCcHbcl7MdsIoFK29AIEf2,1065941583869181953,,,,POINT (51.51944 0.109),,,,false,,,false,CARD,,false,
2025-07-23 01:42:52.327,,c6f01302c63441ef8cc86928d1afc02a,gXPxdHYCcHbcl7MdsIoFK29AIEf2,1065941583869181953,,,,POINT (51.51942378774427 0.109242609300375),,,,false,,,false,CARD,,false,
2025-07-08 16:08:58.454,,c6f684acbe0f49b9bccf2e061c1b8f94,gXPxdHYCcHbcl7MdsIoFK29AIEf2,1065941582961278977,,,,POINT (51.51944 0.109),,,,false,,,false,CARD,,false,
2025-07-11 00:41:25.439,,c71df32b83a144c5962ff82936a8aa95,gXPxdHYCcHbcl7MdsIoFK29AIEf2,1065941583869181953,,,,POINT (51.51942592621681 0.1092427097060243),,,,false,,,false,CARD,,false,
2025-07-14 21:24:03.846,,c7528320ebb64015afe88b6f2ca2d5fe,gXPxdHYCcHbcl7MdsIoFK29AIEf2,1065941583869181953,,,,POINT (51.51942599382975 0.1092420254871573),,,,false,,,false,CARD,,false,
2025-08-18 23:56:58.636,,c7b237d3996b42bc934c2f2d37408893,gXPxdHYCcHbcl7MdsIoFK29AIEf2,1065941583869181953,,,,POINT (37.4220936 -122.083922),,,,false,,,false,CARD,,false,
2025-09-13 18:52:23.773,,c970dc573fbe49f08822859332d830e4,gXPxdHYCcHbcl7MdsIoFK29AIEf2,1065941586507366401,,,,POINT (51.51942 0.11547),,,,false,,,false,CARD,,false,
2025-07-23 18:24:14.457,,c9a12dd72db3479d9ee87f32300218bf,gXPxdHYCcHbcl7MdsIoFK29AIEf2,1065941582961278977,,,,POINT (51.51942378774427 0.109242609300375),,,,false,,,false,CARD,,false,
2026-01-02 14:46:17.575,,c9b7cc2e41ca4a048188a56fdea2e85b,KIYKgL71o4ge1horPR08S7hCJN42,1065941583869181953,,,,POINT (6.516499826425177 3.3872673442080536),,,,false,,PENDING,false,CASH,,false,
2026-02-03 19:37:28.556,,c9d82fc1327f44e98ae43514d0951e8b,gXPxdHYCcHbcl7MdsIoFK29AIEf2,1065941582961278977,,,,POINT (37.421998333333335 -122.084),,,,false,,PENDING,false,CARD,,false,
2025-05-26 18:53:24.734,,ca026c561bf7489582a50818d80c2789,"5youRvOyZYdyYMlM8IAnEgg2Zf92",1065941582961278977,,,,POINT (51.51941840422709 0.1092369986904621),,,,false,,,false,CARD,,false,
2025-07-09 17:03:33.728,,caa27e0448ac4840a338b9f076b1c9c6,gXPxdHYCcHbcl7MdsIoFK29AIEf2,1065941583869181953,,,,POINT (51.51942623389062 0.1092424201034406),,,,false,,,false,CARD,,false,
2025-09-09 17:38:35.895,,cb11253ac43446f9a20089748be84e49,gXPxdHYCcHbcl7MdsIoFK29AIEf2,1065941582961278977,,,,POINT (51.51942 0.11547),,,,false,,,false,CARD,,false,
2025-08-20 20:03:15.307,,cb50a39d7cac4a578991d3f4e580567a,gXPxdHYCcHbcl7MdsIoFK29AIEf2,1065941582961278977,,,,POINT (37.4220936 -122.083922),,,,false,,,false,CARD,,false,
2025-07-08 16:16:42.530,,cbbd0d2c2eb64529a53f5b2778eb5324,gXPxdHYCcHbcl7MdsIoFK29AIEf2,1065941583869181953,,,,POINT (51.51944 0.109),,,,false,,,false,CARD,,false,
2025-07-23 17:38:08.384,,cbc59696339142c2b1fe9ccd82730ad4,gXPxdHYCcHbcl7MdsIoFK29AIEf2,1065941582961278977,,,,POINT (51.51942378774427 0.109242609300375),,,,false,,,false,CARD,,false,
2025-07-14 23:02:04.680,,cc1a82cd2c6f4dbb9eaf4f3ae612d6e8,gXPxdHYCcHbcl7MdsIoFK29AIEf2,1065941583869181953,,,,POINT (51.51942599382975 0.1092420254871573),,,,false,,,false,CARD,,false,
2025-09-10 16:16:44.544,,cc7a21ea169845b4825226dd36c2bfe0,gXPxdHYCcHbcl7MdsIoFK29AIEf2,1065941583869181953,,,,POINT (51.51941313883042 0.1092595658797715),,,,false,,,false,CARD,,false,
2025-07-11 16:21:19.991,,ccf56dbb644e4d918f7bd22c4b66f4ce,KIYKgL71o4ge1horPR08S7hCJN42,1065941582961278977,,,,POINT (51.51944 0.109),,,,false,,,false,CARD,,false,
2025-07-23 02:10:10.446,,cd454f12b69443aab6a1afadb0946b0c,gXPxdHYCcHbcl7MdsIoFK29AIEf2,1065941583869181953,,,,POINT (51.51942378774427 0.109242609300375),,,,false,,,false,CARD,,false,
2026-01-03 11:07:57.921,,cd76ba2861e8483aa88fcd2ac59a9ade,gXPxdHYCcHbcl7MdsIoFK29AIEf2,1065941583869181953,,,,POINT (51.51942 0.11547),,,,false,,PENDING,false,CARD,Test booking,false,
2025-07-23 12:21:41.849,,cdc5f9b6bd3f415ea8d4b427e9813b7e,gXPxdHYCcHbcl7MdsIoFK29AIEf2,1065941582961278977,,,,POINT (51.51942378774427 0.109242609300375),,,,false,,,false,CARD,,false,
2025-07-23 12:35:01.733,,cddd6a67bd6143f6bc0dae1ab2042b13,gXPxdHYCcHbcl7MdsIoFK29AIEf2,1065941582961278977,,,,POINT (51.51942378774427 0.109242609300375),,,,false,,,false,CARD,,false,
2025-09-13 15:45:46.617,,ce1ba094504f448390d5f877aa400386,gXPxdHYCcHbcl7MdsIoFK29AIEf2,1065941583869181953,,,,POINT (51.51942 0.11547),,,,false,,,false,CARD,,false,
2025-10-25 20:25:00.168,,cf522f87a07c440cb70d87e990007f27,KIYKgL71o4ge1horPR08S7hCJN42,1065941591465197569,,,,POINT (51.51942 0.11547),,,,false,,PENDING,false,CARD,,false,
2025-07-23 12:45:11.098,,d008557b491b4ed58d2226f58bef3a21,gXPxdHYCcHbcl7MdsIoFK29AIEf2,1065941582961278977,,,,POINT (51.51942378774427 0.109242609300375),,,,false,,,false,CARD,,false,
2025-07-25 01:06:51.440,,d02cdcd7f3ae4b278d89cf55e2001776,gXPxdHYCcHbcl7MdsIoFK29AIEf2,1065941582961278977,,,,POINT (51.519423097463545 0.1092428720876799),,,,false,,,false,CARD,,false,
2025-05-26 19:50:34.704,,d065e5cac9f547d28767f077f20ca9eb,"5youRvOyZYdyYMlM8IAnEgg2Zf92",1065941582961278977,,,,POINT (51.51941840422709 0.1092369986904621),,,,false,,,false,CARD,,false,
2025-10-13 14:25:24.793,2025-10-13 14:30:08.385,d08ba98c497e4237ac2ae73014896fed,fMeBU1HTAyczOG8IbAJ8eYLnbTi2,1065941582961278977,f5e29d05737548b6b739618cb3c4d37f,,,POINT (6.516499826425177 3.3872673442080536),,,,false,,,false,CASH,,false,
2025-07-08 16:07:48.932,,d0c598d3e31c4f8fa22bab39db351cc7,gXPxdHYCcHbcl7MdsIoFK29AIEf2,1065941582961278977,,,,POINT (51.51944 0.109),,,,false,,,false,CARD,,false,
2025-07-23 02:07:40.290,,d0f0418d299248a09a145c24caa88011,gXPxdHYCcHbcl7MdsIoFK29AIEf2,1065941582961278977,,,,POINT (51.51942378774427 0.109242609300375),,,,false,,,false,CARD,,false,
2025-07-14 21:21:12.364,,d1446282ee96462fae28fcfa480f22aa,gXPxdHYCcHbcl7MdsIoFK29AIEf2,1065941583869181953,,,,POINT (51.51942599382975 0.1092420254871573),,,,false,,,false,CARD,,false,
2025-08-27 16:42:19.439,2025-08-27 16:45:03.529,d18cc845e2f74536a34dc7beb12d6347,gXPxdHYCcHbcl7MdsIoFK29AIEf2,1065941583869181953,f5e29d05737548b6b739618cb3c4d37f,,,POINT (51.51942 0.11547),,,,false,,ARTISAN_ARRIVED,false,CARD,,false,
2025-07-22 20:31:16.609,,d1accf42338249fc86be45660f21419f,gXPxdHYCcHbcl7MdsIoFK29AIEf2,1065941583869181953,,,,POINT (51.51942385027374 0.1092429040623096),,,,false,,,false,CARD,,false,
2025-12-30 03:01:05.633,2025-12-30 03:10:06.433,d20162fe72c2456cbd5d18d1e31ab4d5,fMeBU1HTAyczOG8IbAJ8eYLnbTi2,1065941583869181953,f5e29d05737548b6b739618cb3c4d37f,,,POINT (6.516499826425177 3.3872673442080536),,,,false,,ARTISAN_MATCHED,false,CASH,,false,
2025-09-16 20:45:42.820,2025-09-16 20:46:02.110,d2f999cc42544201865643243b9073f7,gXPxdHYCcHbcl7MdsIoFK29AIEf2,1065941583869181953,f5e29d05737548b6b739618cb3c4d37f,,,POINT (51.51942 0.11547),,,,false,,,false,CARD,Fix broken dinning chairs and centre table,false,
2025-07-09 22:11:56.674,,d30907a6aa4a42b9840d4b465c7f7ff9,gXPxdHYCcHbcl7MdsIoFK29AIEf2,1065941583869181953,,,,POINT (51.51942570146671 0.1092426521638781),,,,false,,,false,CARD,,false,
2025-11-21 18:52:56.249,,d36548716a5240f79365f45c6040e3e9,KIYKgL71o4ge1horPR08S7hCJN42,1065941582961278977,,,,POINT (51.51942679331631 0.1092620288710309),,,,false,,PENDING,false,CARD,,false,
2025-08-18 15:17:06.510,,d3d84f5614c0486388175f20c5b3f920,gXPxdHYCcHbcl7MdsIoFK29AIEf2,1065941583869181953,,,,POINT (51.51942 0.11547),,,,false,,,false,CARD,,false,
2025-07-08 16:43:17.783,,d4529d8ab90c49a793cedfe0a0231eca,gXPxdHYCcHbcl7MdsIoFK29AIEf2,1065941582961278977,,,,POINT (51.51944 0.109),,,,false,,,false,CARD,,false,
2025-07-23 02:09:13.643,,d45d9669d8a94347a908ad8a1a143cac,gXPxdHYCcHbcl7MdsIoFK29AIEf2,1065941582961278977,,,,POINT (51.51942378774427 0.109242609300375),,,,false,,,false,CARD,,false,
2025-07-23 00:34:37.806,,d537497380dc4b3fa913279136d51688,gXPxdHYCcHbcl7MdsIoFK29AIEf2,1065941582961278977,,,,POINT (51.51942378774427 0.109242609300375),,,,false,,,false,CARD,,false,
2025-06-13 09:39:45.714,,d56e28058d8a4ff59234af37cf199a5f,gXPxdHYCcHbcl7MdsIoFK29AIEf2,1065941582961278977,,,,POINT (51.51942268116859 0.1092369723978484),,,,false,,,false,CARD,,false,
2025-06-14 03:58:10.098,,d586ee2d7e154934b59e65416395b53d,KIYKgL71o4ge1horPR08S7hCJN42,1065941582961278977,,,,POINT (6.518139822341671 3.3995335371527604),,,,false,,,false,CASH,,false,
2025-09-10 15:51:23.098,,d641c3aa30724fe88c06c1d0e80fcffd,gXPxdHYCcHbcl7MdsIoFK29AIEf2,1065941583869181953,,,,POINT (51.51941313883042 0.1092595658797715),,,,false,,,false,CARD,,false,
2025-07-11 00:29:12.663,,d64322f1e2434d33a2c81fe6f9db6a0b,gXPxdHYCcHbcl7MdsIoFK29AIEf2,1065941583869181953,,,,POINT (51.51942592621681 0.1092427097060243),,,,false,,,false,CARD,,false,
2025-07-08 16:06:24.668,,d676a99f76014c7b906059b683730fdd,gXPxdHYCcHbcl7MdsIoFK29AIEf2,1065941582961278977,,,,POINT (51.51944 0.109),,,,false,,,false,CARD,,false,
2025-07-08 16:45:22.127,,d69caf3b79e548e9a44f72ae53eaad29,gXPxdHYCcHbcl7MdsIoFK29AIEf2,1065941583869181953,,,,POINT (51.51944 0.109),,,,false,,,false,CARD,,false,
2025-07-25 01:24:09.021,,d6ac298c3d4747c1830fba16cbe6254f,gXPxdHYCcHbcl7MdsIoFK29AIEf2,1065941582961278977,,,,POINT (51.519423097463545 0.1092428720876799),,,,false,,,false,CARD,,false,
2025-07-23 01:11:03.094,,d6e303fa77134c40b68b7a8a71de21f9,gXPxdHYCcHbcl7MdsIoFK29AIEf2,1065941582961278977,,,,POINT (51.51942378774427 0.109242609300375),,,,false,,,false,CARD,,false,
2025-09-10 09:52:14.085,,d6f318f26aa6488e8918ff5882bc8aaf,gXPxdHYCcHbcl7MdsIoFK29AIEf2,1065941583869181953,,,,POINT (51.51941313883042 0.1092595658797715),,,,false,,,false,CARD,,false,
2025-07-03 17:53:49.100,,d6f5c8038a514a32a01a73b6eadd8fbf,gXPxdHYCcHbcl7MdsIoFK29AIEf2,1065941583869181953,,,,POINT (51.519 0.1176),,,,false,,,false,CARD,,false,
2025-09-21 22:14:48.193,2025-09-21 22:15:04.246,d7013aa60c094c52a4883ea5a20486a8,KIYKgL71o4ge1horPR08S7hCJN42,1065941582961278977,f5e29d05737548b6b739618cb3c4d37f,,,POINT (37.4212162 -122.0828568),,,,false,,,false,CARD,,false,
2025-07-15 00:57:08.371,,d702065c61bc496cae12d2cd19d183c3,gXPxdHYCcHbcl7MdsIoFK29AIEf2,1065941582961278977,,,,POINT (51.51942599382975 0.1092420254871573),,,,false,,,false,CARD,,false,
2025-05-26 18:39:32.751,,d79a29d11f16445680c3831e3876c722,"5youRvOyZYdyYMlM8IAnEgg2Zf92",1065941582961278977,,,,POINT (51.51941621685526 0.1092354268728901),,,,false,,,false,CARD,,false,
2026-01-03 10:31:07.077,,d7d899dee7c246bab006c68f75726265,gXPxdHYCcHbcl7MdsIoFK29AIEf2,1065941583869181953,,,,POINT (51.51942 0.11547),,,,false,,PENDING,false,CARD,Fix dinning table and chair. Door hinge is also broken,false,
2025-08-20 08:46:59.839,,d857afaed4a44355b4b4d633aa8ac57f,gXPxdHYCcHbcl7MdsIoFK29AIEf2,1065941583869181953,,,,POINT (51.519417588643904 0.1092498316127541),,,,false,,,false,CARD,,false,
2025-07-08 16:45:01.591,,d880251b272c4099bfea5d887fee086a,gXPxdHYCcHbcl7MdsIoFK29AIEf2,1065941582961278977,,,,POINT (51.51944 0.109),,,,false,,,false,CARD,,false,
2025-07-09 22:56:37.156,,d8962ef90a8f4b57bc795470186a5da7,gXPxdHYCcHbcl7MdsIoFK29AIEf2,1065941583869181953,,,,POINT (51.51942570146671 0.1092426521638781),,,,false,,,false,CARD,,false,
2025-09-09 17:42:45.164,,d8ce2e0d1ec349a5a4469a52d1248257,gXPxdHYCcHbcl7MdsIoFK29AIEf2,1065941582961278977,,,,POINT (51.51942 0.11547),,,,false,,,false,CARD,,false,
2025-12-30 01:51:38.554,2025-12-30 01:51:57.780,d90267f035b64740a311b1412e128244,fMeBU1HTAyczOG8IbAJ8eYLnbTi2,1065941583869181953,f5e29d05737548b6b739618cb3c4d37f,,,POINT (6.516499826425177 3.3872673442080536),,,,false,,ARTISAN_MATCHED,false,CASH,,false,
2025-07-09 16:58:27.299,,d914aba2f1cd4aa2a806759a88498937,gXPxdHYCcHbcl7MdsIoFK29AIEf2,1065941583869181953,,,,POINT (51.51942623389062 0.1092424201034406),,,,false,,,false,CARD,,false,
2025-07-14 22:52:10.686,,d91bcbeadf2f493093ec891ba6cbbe76,gXPxdHYCcHbcl7MdsIoFK29AIEf2,1065941583869181953,,,,POINT (51.51942599382975 0.1092420254871573),,,,false,,,false,CARD,,false,
2025-07-08 16:17:22.972,,d951b7ca5cfc44baa30c9b0135d08d8f,gXPxdHYCcHbcl7MdsIoFK29AIEf2,1065941583869181953,,,,POINT (51.51944 0.109),,,,false,,,false,CARD,,false,
2025-08-13 20:46:49.083,,d957449ae7c74ab08dced7fa079a6097,gXPxdHYCcHbcl7MdsIoFK29AIEf2,1065941583869181953,,,,POINT (51.51941920106144 0.1092485525049524),,,,false,,,false,CARD,,false,
2025-09-10 18:14:31.965,,d9ea3b6e75e044158d5d05f5d2f3c54b,gXPxdHYCcHbcl7MdsIoFK29AIEf2,1065941583869181953,,,,POINT (51.51941313883042 0.1092595658797715),,,,false,,,false,CARD,,false,
2026-02-04 19:38:54.027,2026-02-04 19:39:21.991,dabb00b311df43edb765a41ef36f3adc,gXPxdHYCcHbcl7MdsIoFK29AIEf2,1065941587622297601,f5e29d05737548b6b739618cb3c4d37f,,,POINT (51.51942 0.11547),,,,false,,ARTISAN_MATCHED,false,CARD,Fix my Lamboghini Urus. Its an ultimate limited 4WD edition.,false,
2025-07-11 00:44:53.576,,dacc02da0798420ba20a8242c5bbc38d,gXPxdHYCcHbcl7MdsIoFK29AIEf2,1065941582961278977,,,,POINT (51.51942592621681 0.1092427097060243),,,,false,,,false,CARD,,false,
2025-07-14 22:38:37.605,,dafd985ba9d94a85b162ce45fd96a4d0,gXPxdHYCcHbcl7MdsIoFK29AIEf2,1065941582961278977,,,,POINT (51.51942599382975 0.1092420254871573),,,,false,,,false,CARD,,false,
2025-09-10 10:17:38.809,,db9735792f9b45ba8df64470cd904a0b,gXPxdHYCcHbcl7MdsIoFK29AIEf2,1065941583869181953,,,,POINT (51.51941313883042 0.1092595658797715),,,,false,,,false,CARD,,false,
2025-07-10 20:02:56.405,,dbae160832144b62be7564d14f27e300,gXPxdHYCcHbcl7MdsIoFK29AIEf2,1065941583869181953,,,,POINT (51.519414530342594 0.1092943790345569),,,,false,,,false,CARD,,false,
2025-07-10 19:27:47.923,,dbeaa452ac244bfd84730977bfbffd06,gXPxdHYCcHbcl7MdsIoFK29AIEf2,1065941583869181953,,,,POINT (51.51940969345094 0.1092420231098529),,,,false,,,false,CARD,,false,
2025-08-20 20:02:25.976,,dc254e6373134b02a4652d34cc83be0f,gXPxdHYCcHbcl7MdsIoFK29AIEf2,1065941583869181953,,,,POINT (37.4220936 -122.083922),,,,false,,,false,CARD,,false,
2026-02-03 22:05:04.052,,dc3d7bf6cbe44425a921efdcfd502b13,gXPxdHYCcHbcl7MdsIoFK29AIEf2,1065941583869181953,,,,POINT (37.421998333333335 -122.084),,,,false,,PENDING,false,CARD,,false,
2025-07-08 16:09:27.885,,dc4e54b541f14aa79aa6b926b03bc5c6,gXPxdHYCcHbcl7MdsIoFK29AIEf2,1065941583869181953,,,,POINT (51.51944 0.109),,,,false,,,false,CARD,,false,
2025-09-13 15:48:34.484,,dc7f219d831e43089ea3ff39148ebba4,gXPxdHYCcHbcl7MdsIoFK29AIEf2,1065941583869181953,,,,POINT (51.51942 0.11547),,,,false,,,false,CARD,,false,
2025-09-20 15:30:57.177,2025-09-20 15:31:28.339,dcad993173044673bd3fc3130c257104,gXPxdHYCcHbcl7MdsIoFK29AIEf2,1065941582961278977,f5e29d05737548b6b739618cb3c4d37f,,,POINT (37.4212162 -122.0828568),,,,false,,,false,CARD,,false,
2025-05-26 19:45:26.583,,dcc0ed7760e543bdbbacd9c161457d5c,"5youRvOyZYdyYMlM8IAnEgg2Zf92",1065941582961278977,,,,POINT (51.51941840422709 0.1092369986904621),,,,false,,,false,CARD,,false,
2025-07-08 00:18:46.689,,dcc37d7e72c7405da076026b113b433e,gXPxdHYCcHbcl7MdsIoFK29AIEf2,1065941583869181953,,,,POINT (51.51943218898371 0.1090707976868134),,,,false,,,false,CARD,,false,
2025-09-22 13:12:37.706,2025-09-22 13:12:54.661,dd113872d049497b8d60a9e60311eeb9,gXPxdHYCcHbcl7MdsIoFK29AIEf2,1065941583869181953,f5e29d05737548b6b739618cb3c4d37f,,,POINT (37.4212162 -122.0828568),,,,false,,,false,CARD,,false,
2025-08-13 20:40:08.309,,dd1314ca05bc4d52880d83c441471b19,gXPxdHYCcHbcl7MdsIoFK29AIEf2,1065941583869181953,,,,POINT (51.51941920106144 0.1092485525049524),,,,false,,,false,CARD,,false,
2025-07-15 00:07:56.973,,dd30ded18405451a9ffa1f2a1b77d878,gXPxdHYCcHbcl7MdsIoFK29AIEf2,1065941583869181953,,,,POINT (51.51942139073822 0.1092479912670062),,,,false,,,false,CARD,,false,
2025-07-15 01:04:31.675,,dd48eb71fa9a4f00a4ccdecddf34c44a,gXPxdHYCcHbcl7MdsIoFK29AIEf2,1065941583869181953,,,,POINT (51.51942599382975 0.1092420254871573),,,,false,,,false,CARD,,false,
2025-07-23 11:06:01.483,,de5b9268f8914e3dbf91df6b7b196886,gXPxdHYCcHbcl7MdsIoFK29AIEf2,1065941582961278977,,,,POINT (51.51942378774427 0.109242609300375),,,,false,,,false,CARD,,false,
2025-09-21 22:13:54.855,2025-09-21 22:14:11.995,de71db738e9545adbe9a9dba6b150945,KIYKgL71o4ge1horPR08S7hCJN42,1065941582961278977,f5e29d05737548b6b739618cb3c4d37f,,,POINT (37.4212162 -122.0828568),,,,false,,,false,CARD,,false,
2025-07-23 01:26:51.883,,dfa247c8c8de481c8c14fba9e2a2cd0f,gXPxdHYCcHbcl7MdsIoFK29AIEf2,1065941582961278977,,,,POINT (51.51942378774427 0.109242609300375),,,,false,,,false,CARD,,false,
2025-05-07 22:07:52.360,,dfc9f4e19b2c447bb1381c6d28f2b1d4,"5youRvOyZYdyYMlM8IAnEgg2Zf92",1065941591465197569,,,,POINT (51.51941364451843 0.1092384496380315),,,,false,,,false,CARD,,false,
2025-07-23 00:24:30.900,,e0345ffcf608442d992929060111c969,gXPxdHYCcHbcl7MdsIoFK29AIEf2,1065941583869181953,,,,POINT (51.51942378774427 0.109242609300375),,,,false,,,false,CARD,,false,
2025-07-10 16:14:58.134,,e0df4d25266d4b79b5f68ddf1edf78a3,gXPxdHYCcHbcl7MdsIoFK29AIEf2,1065941583869181953,,,,POINT (51.51942570146671 0.1092426521638781),,,,false,,,false,CARD,,false,
2026-01-08 23:14:53.904,2026-01-08 23:15:46.126,e1371304063f43768d12f5dcf2b087e2,gXPxdHYCcHbcl7MdsIoFK29AIEf2,1065941583869181953,f5e29d05737548b6b739618cb3c4d37f,,,POINT (51.51942 0.11547),,,,false,,ARTISAN_MATCHED,false,CARD,,false,
2025-08-20 23:41:49.683,2025-08-20 23:42:04.288,e1e0a01f912b4016a3cfce606cb82f3e,gXPxdHYCcHbcl7MdsIoFK29AIEf2,1065941583869181953,f5e29d05737548b6b739618cb3c4d37f,,,POINT (51.519417588643904 0.1092498316127541),,,,false,,,false,CARD,,false,
2026-02-07 21:32:56.292,,e1e4c9730c2e464987ea3a88131cc958,gXPxdHYCcHbcl7MdsIoFK29AIEf2,1065941582961278977,,,,POINT (51.533768333333335 0.10831),,,,false,,PENDING,false,CARD,,false,
2025-07-15 00:32:15.199,,e1fc646377ac4c67b70b36fd4628f6e6,gXPxdHYCcHbcl7MdsIoFK29AIEf2,1065941583869181953,,,,POINT (51.51942599382975 0.1092420254871573),,,,false,,,false,CARD,,false,
2025-08-19 00:12:37.656,,e21380089aae4ca5a9b744dc6a3824f1,gXPxdHYCcHbcl7MdsIoFK29AIEf2,1065941583869181953,,,,POINT (51.51941824016977 0.109250370863331),,,,false,,,false,CARD,,false,
2025-08-27 10:21:45.352,2025-08-27 10:23:03.813,e249127dceab4372beb03056b5d8c24c,gXPxdHYCcHbcl7MdsIoFK29AIEf2,1065941583869181953,f5e29d05737548b6b739618cb3c4d37f,,,POINT (51.51942 0.11547),,,,false,,ARTISAN_ARRIVED,false,CARD,,false,
2025-05-26 19:25:29.100,,e2d319de53a74662866702ab77efe430,"5youRvOyZYdyYMlM8IAnEgg2Zf92",1065941582961278977,,,,POINT (51.51941840422709 0.1092369986904621),,,,false,,,false,CARD,,false,
2025-07-15 00:39:31.420,,e2dae6e4363e446ca04d13b52032f9b9,gXPxdHYCcHbcl7MdsIoFK29AIEf2,1065941583869181953,,,,POINT (51.51942599382975 0.1092420254871573),,,,false,,,false,CARD,,false,
2025-07-23 00:42:27.824,,e2f9d1cbafae4ecaa7dd8b403d3a3ae7,gXPxdHYCcHbcl7MdsIoFK29AIEf2,1065941583869181953,,,,POINT (51.51942378774427 0.109242609300375),,,,false,,,false,CARD,,false,
2025-07-11 00:19:39.717,,e33a6d3df03d4ec786317a9a05a268ba,gXPxdHYCcHbcl7MdsIoFK29AIEf2,1065941582961278977,,,,POINT (51.51942592621681 0.1092427097060243),,,,false,,,false,CARD,,false,
2025-05-06 00:40:16.514,,e42e589683904c76a7a9f399605e35d4,"5youRvOyZYdyYMlM8IAnEgg2Zf92",1065941582961278977,,,,POINT (51.5194138763419 0.1092386616926036),,,,false,,,false,CARD,,false,
2025-07-10 23:15:31.097,,e44c4797284a4655bab7c360bfb5e00f,gXPxdHYCcHbcl7MdsIoFK29AIEf2,1065941582961278977,,,,POINT (51.51942592621681 0.1092427097060243),,,,false,,,false,CARD,,false,
2025-07-11 16:39:46.108,,e46449a4c53640bf8ca346037b115775,gXPxdHYCcHbcl7MdsIoFK29AIEf2,1065941582961278977,,,,POINT (51.51942592621681 0.1092427097060243),,,,false,,,false,CARD,,false,
2025-07-23 11:13:04.366,,e4782c429d4143f2a1f0bd0e2f7b4522,gXPxdHYCcHbcl7MdsIoFK29AIEf2,1065941583869181953,,,,POINT (51.51942378774427 0.109242609300375),,,,false,,,false,CARD,,false,
2026-01-09 21:24:21.562,2026-01-09 21:24:46.543,e4bab16ad6dc4e799bf65e322fc5db0d,gXPxdHYCcHbcl7MdsIoFK29AIEf2,1065941583869181953,f5e29d05737548b6b739618cb3c4d37f,,,POINT (51.51942 0.11547),,,,false,,ARTISAN_MATCHED,false,CARD,,false,
2025-12-25 15:25:26.979,2025-12-25 15:25:56.724,e4e777617d5b46e3950fb2e515e7dd45,gXPxdHYCcHbcl7MdsIoFK29AIEf2,1065941583869181953,f5e29d05737548b6b739618cb3c4d37f,,,POINT (51.519428851707886 0.1092688316944707),,,,false,,ARTISAN_MATCHED,false,CARD,"Test
",false,
2025-05-27 15:33:43.812,,e55da7d3808d416bb77bc6a1243b6dad,"5youRvOyZYdyYMlM8IAnEgg2Zf92",1065941582961278977,,,,POINT (51.51941633009691 0.1092347617283519),,,,false,,,false,CARD,,false,
2025-07-10 19:20:45.888,,e619fe161e1845b688cca5564ac6af70,gXPxdHYCcHbcl7MdsIoFK29AIEf2,1065941583869181953,,,,POINT (51.51942570146671 0.1092426521638781),,,,false,,,false,CARD,,false,
2025-07-14 22:57:27.866,,e647116b08da4cf0a3e895f823b37123,gXPxdHYCcHbcl7MdsIoFK29AIEf2,1065941583869181953,,,,POINT (51.51942599382975 0.1092420254871573),,,,false,,,false,CARD,,false,
2025-07-23 01:51:19.478,,e6a04893756e4cb7b974fae4daf2c891,gXPxdHYCcHbcl7MdsIoFK29AIEf2,1065941582961278977,,,,POINT (51.51942378774427 0.109242609300375),,,,false,,,false,CARD,,false,
2025-07-09 22:15:30.431,,e6c23f1a9e744daab4aa553a740c4c36,gXPxdHYCcHbcl7MdsIoFK29AIEf2,1065941583869181953,,,,POINT (51.51942570146671 0.1092426521638781),,,,false,,,false,CARD,,false,
2025-12-25 14:29:29.488,,e6dc230d64b44303a30770cc6890bf42,KIYKgL71o4ge1horPR08S7hCJN42,1065941582961278977,,,,POINT (51.51942 0.11547),,,,false,,PENDING,false,CARD,Clean up my Lamborghini,false,
2025-07-14 23:15:32.935,,e70118a3024d4fb99cbdbc4c528eefb0,gXPxdHYCcHbcl7MdsIoFK29AIEf2,1065941583869181953,,,,POINT (51.51942599382975 0.1092420254871573),,,,false,,,false,CARD,,false,
2025-08-13 20:54:05.701,,e75c772f3b0e4fc493c3c5c93df7ff29,gXPxdHYCcHbcl7MdsIoFK29AIEf2,1065941583869181953,,,,POINT (51.51941920106144 0.1092485525049524),,,,false,,,false,CARD,,false,
2025-07-14 22:58:25.291,,e812508940cb4c82bd0ed1ea7168d315,gXPxdHYCcHbcl7MdsIoFK29AIEf2,1065941583869181953,,,,POINT (51.51942599382975 0.1092420254871573),,,,false,,,false,CARD,,false,
2025-07-22 20:29:18.591,,e909fb4284934695857ef88c197a384d,gXPxdHYCcHbcl7MdsIoFK29AIEf2,1065941583869181953,,,,POINT (51.51942385027374 0.1092429040623096),,,,false,,,false,CARD,,false,
2025-07-10 16:31:02.939,,e91f3d25f3314d11ba4f6c3cc34f6973,gXPxdHYCcHbcl7MdsIoFK29AIEf2,1065941583869181953,,,,POINT (51.51942570146671 0.1092426521638781),,,,false,,,false,CARD,,false,
2025-09-09 17:24:34.166,,e92fb020d52749bd924f36fa6950bada,gXPxdHYCcHbcl7MdsIoFK29AIEf2,1065941582961278977,,,,POINT (51.51942 0.11547),,,,false,,,false,CARD,,false,
2025-12-31 14:13:29.676,2025-12-31 14:13:56.963,ea5b2684cf6a47f68e89c8fe2f16b5a3,KIYKgL71o4ge1horPR08S7hCJN42,1065941583869181953,f5e29d05737548b6b739618cb3c4d37f,,,POINT (6.516499826425177 3.3872673442080536),,,,false,,ARTISAN_MATCHED,false,CASH,,false,
2025-07-23 11:13:47.884,,eb17b27d0333489290bb826eb154482d,gXPxdHYCcHbcl7MdsIoFK29AIEf2,1065941583869181953,,,,POINT (51.519391235511456 0.1092573087150729),,,,false,,,false,CARD,,false,
2025-05-06 00:28:52.077,,eb55acbbe6e046df98313be8f70c2247,"5youRvOyZYdyYMlM8IAnEgg2Zf92",1065941582961278977,,,,POINT (51.5194138763419 0.1092386616926036),,,,false,,,false,CARD,,false,
2025-07-23 11:20:17.286,,eb780d3bc8c0402bb51102bd3677cb2c,gXPxdHYCcHbcl7MdsIoFK29AIEf2,1065941583869181953,,,,POINT (51.51940324687849 0.1092328472788476),,,,false,,,false,CARD,,false,
2025-07-14 21:42:32.529,,eb8046620da74661b309afbd1a21fe3c,gXPxdHYCcHbcl7MdsIoFK29AIEf2,1065941583869181953,,,,POINT (51.51942599382975 0.1092420254871573),,,,false,,,false,CARD,,false,
2025-09-09 17:27:22.455,,ec17177afef040a39094a100646dd545,gXPxdHYCcHbcl7MdsIoFK29AIEf2,1065941582961278977,,,,POINT (51.51942 0.11547),,,,false,,,false,CARD,,false,
2025-07-08 16:18:38.271,,ec5f6c73b89e486484e28a3af0ada759,gXPxdHYCcHbcl7MdsIoFK29AIEf2,1065941583869181953,,,,POINT (51.51944 0.109),,,,false,,,false,CARD,,false,
2025-07-15 00:55:50.447,,eca205dcf94d47569ba16d025971fbed,gXPxdHYCcHbcl7MdsIoFK29AIEf2,1065941582961278977,,,,POINT (51.51942599382975 0.1092420254871573),,,,false,,,false,CARD,,false,
2025-07-22 23:39:43.393,,ecbe7b0498944ba789767a40ec713ed1,gXPxdHYCcHbcl7MdsIoFK29AIEf2,1065941583869181953,,,,POINT (51.51942378774427 0.109242609300375),,,,false,,,false,CARD,,false,
2025-07-22 23:53:08.407,,ed0a8e8e7d334204b453870437c96c43,gXPxdHYCcHbcl7MdsIoFK29AIEf2,1065941583869181953,,,,POINT (51.51942378774427 0.109242609300375),,,,false,,,false,CARD,,false,
2025-07-14 21:12:09.021,,ed638469e1204e3192d79d6660f1d1b5,gXPxdHYCcHbcl7MdsIoFK29AIEf2,1065941583869181953,,,,POINT (51.51942599382975 0.1092420254871573),,,,false,,,false,CARD,,false,
2025-12-30 02:04:10.573,2025-12-30 02:04:23.676,edd664bcae904d9691aed99b555469a3,fMeBU1HTAyczOG8IbAJ8eYLnbTi2,1065941583869181953,f5e29d05737548b6b739618cb3c4d37f,,,POINT (6.516499826425177 3.3872673442080536),,,,false,,ARTISAN_MATCHED,false,CASH,,false,
2025-08-13 22:56:12.379,,ee28810622774c71ab2790552f3bb841,gXPxdHYCcHbcl7MdsIoFK29AIEf2,1065941583869181953,,,,POINT (51.51941920106144 0.1092485525049524),,,,false,,,false,CARD,,false,
2025-07-23 01:39:04.078,,ee9ebbb51a1e4b5ab1834a0dd1eda805,gXPxdHYCcHbcl7MdsIoFK29AIEf2,1065941582961278977,,,,POINT (51.51942378774427 0.109242609300375),,,,false,,,false,CARD,,false,
2025-07-23 11:10:41.898,,efc670715eab483ebb78f986304c51d2,gXPxdHYCcHbcl7MdsIoFK29AIEf2,1065941583869181953,,,,POINT (51.51942378774427 0.109242609300375),,,,false,,,false,CARD,,false,
2025-07-15 00:36:35.955,,efd95f0ea597427f929c7015c0b14a4a,gXPxdHYCcHbcl7MdsIoFK29AIEf2,1065941582961278977,,,,POINT (51.51942599382975 0.1092420254871573),,,,false,,,false,CARD,,false,
2026-01-02 11:36:25.370,,efe275ed97b74b45bd41889f363a0f15,gXPxdHYCcHbcl7MdsIoFK29AIEf2,1065941583869181953,,,,POINT (51.51942 0.11547),,,,false,,PENDING,false,CARD,"Fix broken dinning chair and door hinge, I have tools like hammer and nail you can make use of",false,
2025-09-29 11:58:51.163,2025-09-29 12:00:34.238,f03f616830b04067ad2f09129f2b7809,fMeBU1HTAyczOG8IbAJ8eYLnbTi2,1065941582961278977,f5e29d05737548b6b739618cb3c4d37f,,,POINT (6.516499826425177 3.3872673442080536),,,,false,,,false,CASH,,false,
2025-07-23 00:59:54.230,,f0426f34cdc4469489cad2477b258326,gXPxdHYCcHbcl7MdsIoFK29AIEf2,1065941583869181953,,,,POINT (51.51942378774427 0.109242609300375),,,,false,,,false,CARD,,false,
2025-07-23 00:41:08.546,,f04a29568f1244f09999fddb40ce5506,gXPxdHYCcHbcl7MdsIoFK29AIEf2,1065941583869181953,,,,POINT (51.51942378774427 0.109242609300375),,,,false,,,false,CARD,,false,
2025-06-13 09:34:10.321,,f077ac7c445745d793f43f259d5fda98,gXPxdHYCcHbcl7MdsIoFK29AIEf2,1065941582961278977,,,,POINT (51.51942268116859 0.1092369723978484),,,,false,,,false,CARD,,false,
2025-09-14 15:34:15.857,,f0988981d41a47a4b72b9b032acbeb82,KIYKgL71o4ge1horPR08S7hCJN42,1065941583869181953,,,,POINT (51.51942 0.11547),,,,false,,,false,CARD,,false,
2025-09-09 17:37:18.831,,f0a6b4260ea34a3091dfb89aacd55269,gXPxdHYCcHbcl7MdsIoFK29AIEf2,1065941582961278977,,,,POINT (51.51942 0.11547),,,,false,,,false,CARD,,false,
2025-07-23 11:51:42.665,,f14ab55e28e54496ac56a0152e29ead2,gXPxdHYCcHbcl7MdsIoFK29AIEf2,1065941582961278977,,,,POINT (51.51942378774427 0.109242609300375),,,,false,,,false,CARD,,false,
2025-08-13 20:50:22.221,,f2039f54c78d4889bc1918d6f8efbdc1,gXPxdHYCcHbcl7MdsIoFK29AIEf2,1065941583869181953,,,,POINT (51.51941920106144 0.1092485525049524),,,,false,,,false,CARD,,false,
2025-08-27 16:52:13.050,2025-08-27 16:53:49.757,f22bfcb18e4147b6adde606e2d658ce3,gXPxdHYCcHbcl7MdsIoFK29AIEf2,1065941583869181953,f5e29d05737548b6b739618cb3c4d37f,,,POINT (51.51942 0.11547),,,,false,,ARTISAN_ARRIVED,false,CARD,,false,
2025-09-09 20:34:54.138,,f241088610ab421c8d088205138cc138,gXPxdHYCcHbcl7MdsIoFK29AIEf2,1065941582961278977,,,,POINT (51.51942 0.11547),,,,false,,,false,CARD,,false,
2025-07-23 12:47:08.733,,f2ce7a4f863a4062af872f7e7e60224f,gXPxdHYCcHbcl7MdsIoFK29AIEf2,1065941582961278977,,,,POINT (51.51942378774427 0.109242609300375),,,,false,,,false,CARD,,false,
2025-07-11 16:42:23.089,,f2efe2235c9d4ff6b935b95d33998194,gXPxdHYCcHbcl7MdsIoFK29AIEf2,1065941583869181953,,,,POINT (51.51942592621681 0.1092427097060243),,,,false,,,false,CARD,,false,
2025-07-23 00:04:31.501,,f33dec96f1c84befa4f36d6da07fcb83,gXPxdHYCcHbcl7MdsIoFK29AIEf2,1065941583869181953,,,,POINT (51.51942378774427 0.109242609300375),,,,false,,,false,CARD,,false,
2025-08-27 16:58:59.313,2025-08-27 16:59:37.535,f40dfe2922d340e1b5f45a71a88f088e,gXPxdHYCcHbcl7MdsIoFK29AIEf2,1065941583869181953,f5e29d05737548b6b739618cb3c4d37f,,,POINT (51.51942 0.11547),,,,false,,,false,CARD,,false,
2025-05-26 20:03:55.330,,f445dabfa38f4558ab47fde411cee62a,"5youRvOyZYdyYMlM8IAnEgg2Zf92",1065941583869181953,,,,POINT (51.51941840422709 0.1092369986904621),,,,false,,,false,CARD,,false,
2025-07-15 00:37:09.911,,f54def9f4b894be6b0d5480ecf727632,gXPxdHYCcHbcl7MdsIoFK29AIEf2,1065941583869181953,,,,POINT (51.519419910408786 0.1092499085369277),,,,false,,,false,CARD,,false,
2025-10-27 12:54:58.615,2025-10-27 13:02:33.077,f5fdd95e64ed4b659a3d72645000d52d,fMeBU1HTAyczOG8IbAJ8eYLnbTi2,1065941582961278977,f5e29d05737548b6b739618cb3c4d37f,,,POINT (6.516499826425177 3.3872673442080536),"7fe9317f54364e53b184e6dc93aca0b3",,,false,NEGOTIATION,ARTISAN_ARRIVED,true,CASH,,false,
2026-01-07 21:28:39.383,,f62f43c4f209445698b38b708648a91d,gXPxdHYCcHbcl7MdsIoFK29AIEf2,1065941583869181953,,,,POINT (51.51942 0.11547),,,,false,,PENDING,false,CARD,Fix dinning table and chair,false,
2025-07-23 12:04:40.748,,f67b78f9c5c84b5f8ac76cab8dfde828,gXPxdHYCcHbcl7MdsIoFK29AIEf2,1065941583869181953,,,,POINT (51.51942378774427 0.109242609300375),,,,false,,,false,CARD,,false,
2025-07-23 01:30:45.095,,f70ff0a583d64ddbbedbc609b8a4adf2,gXPxdHYCcHbcl7MdsIoFK29AIEf2,1065941582961278977,,,,POINT (51.51942378774427 0.109242609300375),,,,false,,,false,CARD,,false,
2026-02-04 13:36:23.971,,f7237277b0314f6c8756754b15a94aea,gXPxdHYCcHbcl7MdsIoFK29AIEf2,1065941583869181953,,,,POINT (51.51942 0.11547),,,,false,,PENDING,false,CARD,Test,false,
2025-07-09 22:59:15.120,,f76a042125b64ffa8c160a112bf267b5,gXPxdHYCcHbcl7MdsIoFK29AIEf2,1065941582961278977,,,,POINT (51.51942570146671 0.1092426521638781),,,,false,,,false,CARD,,false,
2025-08-27 17:01:39.054,2025-08-27 17:05:22.161,f776cbda91c2457fbadc835bd6ac6c5c,gXPxdHYCcHbcl7MdsIoFK29AIEf2,1065941583869181953,f5e29d05737548b6b739618cb3c4d37f,,,POINT (51.51942 0.11547),,,,false,,ARTISAN_ARRIVED,false,CARD,,false,
2025-08-20 08:51:55.160,,f797715c0ae444b79bb07649623e1dca,gXPxdHYCcHbcl7MdsIoFK29AIEf2,1065941583869181953,,,,POINT (51.51941089196668 0.1092944015093446),,,,false,,,false,CARD,,false,
2025-07-15 00:23:37.782,,f84eeefe7f9e4841bad615d2c2117de5,gXPxdHYCcHbcl7MdsIoFK29AIEf2,1065941583869181953,,,,POINT (51.51942599382975 0.1092420254871573),,,,false,,,false,CARD,,false,
2025-07-11 16:38:47.191,,f9cd95bbbca04e728766a42ff746b344,gXPxdHYCcHbcl7MdsIoFK29AIEf2,1065941582961278977,,,,POINT (51.51942592621681 0.1092427097060243),,,,false,,,false,CARD,,false,
2025-07-23 10:55:09.328,,fa9964de1c02483aa6b7b0bc09061aff,gXPxdHYCcHbcl7MdsIoFK29AIEf2,1065941582961278977,,,,POINT (51.51942378774427 0.109242609300375),,,,false,,,false,CARD,,false,
2025-07-09 17:56:39.218,,fb6605c3515842adae9eadf997578744,gXPxdHYCcHbcl7MdsIoFK29AIEf2,1065941582961278977,,,,POINT (51.51942623389062 0.1092424201034406),,,,false,,,false,CARD,,false,
2025-07-11 19:19:24.274,,fbb8e65a6c6c4a4ca6de5044e3859b59,gXPxdHYCcHbcl7MdsIoFK29AIEf2,1065941582961278977,,,,POINT (51.51942592621681 0.1092427097060243),,,,false,,,false,CARD,,false,
2025-07-23 00:26:46.123,,fbba56a371a343d6a040ab824321a9de,gXPxdHYCcHbcl7MdsIoFK29AIEf2,1065941583869181953,,,,POINT (51.51942378774427 0.109242609300375),,,,false,,,false,CARD,,false,
2025-07-15 00:12:12.847,,fc2d1fea3f694bc7b55b121c3a20f548,gXPxdHYCcHbcl7MdsIoFK29AIEf2,1065941583869181953,,,,POINT (51.51942599382975 0.1092420254871573),,,,false,,,false,CARD,,false,
2025-07-23 00:57:38.049,,fc7f7a41f43c42b99a0b9fb016f7b327,gXPxdHYCcHbcl7MdsIoFK29AIEf2,1065941582961278977,,,,POINT (51.51942378774427 0.109242609300375),,,,false,,,false,CARD,,false,
2025-07-23 12:22:55.551,,fcc0430d4ea949fa826ee562caffd754,gXPxdHYCcHbcl7MdsIoFK29AIEf2,1065941583869181953,,,,POINT (51.51942378774427 0.109242609300375),,,,false,,,false,CARD,,false,
2025-09-19 18:46:38.076,2025-09-19 18:47:13.263,fcc2fe0155044652bf86eb1a1b0914c2,gXPxdHYCcHbcl7MdsIoFK29AIEf2,1065941583869181953,f5e29d05737548b6b739618cb3c4d37f,,,POINT (51.51942 0.11547),,,,false,,,false,CARD,Fix broken dinning chairs and centre table,false,
2025-07-23 11:53:51.000,,fd4bdb28f6a741299fab54143f393ba0,gXPxdHYCcHbcl7MdsIoFK29AIEf2,1065941582961278977,,,,POINT (51.51942378774427 0.109242609300375),,,,false,,,false,CARD,,false,
2025-07-15 01:02:34.709,,fd96bfaa7fc149519ea15f6a6d503c59,gXPxdHYCcHbcl7MdsIoFK29AIEf2,1065941583869181953,,,,POINT (51.51942599382975 0.1092420254871573),,,,false,,,false,CARD,,false,
2025-08-12 22:45:50.251,,fe1fc0e2f3de435d8f0a7c3446734859,gXPxdHYCcHbcl7MdsIoFK29AIEf2,1065941582961278977,,,,POINT (51.51941958804575 0.1092481789759471),,,,false,,,false,CARD,,false,
2025-07-23 12:30:22.513,,fe52a1b0c59149e882b29b7ac29d1882,gXPxdHYCcHbcl7MdsIoFK29AIEf2,1065941582961278977,,,,POINT (51.51942378774427 0.109242609300375),,,,false,,,false,CARD,,false,
2025-07-11 00:29:36.340,,febd1eb005024d4d962139389c3b1b6a,gXPxdHYCcHbcl7MdsIoFK29AIEf2,1065941582961278977,,,,POINT (51.51942592621681 0.1092427097060243),,,,false,,,false,CARD,,false,
2025-09-09 19:53:28.432,,ff1f30f51f7644d4b877045257866e9b,gXPxdHYCcHbcl7MdsIoFK29AIEf2,1065941582961278977,,,,POINT (51.51942 0.11547),,,,false,,,false,CARD,,false,
